event,duration,transition,velocity
64,1.9958333333333331 (~9/8),2.0 (~9/8),127 (ffff)
62,1.9979166666666663 (~9/8),2.0 (~9/8),127 (ffff)
47,0.875 (7/8),0.125 (1/8),127 (ffff)
28,0.1229166666666666 (~1/8),0.125 (1/8),112 (fff)
31,0.1229166666666666 (~1/8),0.125 (1/8),112 (fff)
35,0.1229166666666666 (~1/8),0.125 (1/8),112 (fff)
36,0.1229166666666666 (~1/8),0.125 (1/8),112 (fff)
40,0.1229166666666666 (~1/8),0.125 (1/8),112 (fff)
43,0.1229166666666666 (~1/8),0.125 (1/8),112 (fff)
47,0.5 (1/2),0.125 (1/8),112 (fff)
36,0.1229166666666666 (~1/8),0.125 (1/8),112 (fff)
40,0.1229166666666666 (~1/8),0.125 (1/8),112 (fff)
43,0.1229166666666666 (~1/8),0.125 (1/8),112 (fff)
47,2.622916666666667 (~9/8),0.125 (1/8),112 (fff)
48,0.1229166666666666 (~1/8),0.125 (1/8),112 (fff)
52,0.1229166666666666 (~1/8),0.125 (1/8),112 (fff)
55,0.1229166666666666 (~1/8),0.125 (1/8),112 (fff)
59,0.1229166666666666 (~1/8),0.125 (1/8),112 (fff)
48,0.1229166666666666 (~1/8),0.125 (1/8),112 (fff)
52,0.1229166666666666 (~1/8),0.125 (1/8),112 (fff)
55,0.1229166666666666 (~1/8),0.125 (1/8),112 (fff)
59,0.1229166666666666 (~1/8),0.125 (1/8),112 (fff)
60,0.1229166666666666 (~1/8),0.125 (1/8),112 (fff)
64,0.1229166666666666 (~1/8),0.125 (1/8),112 (fff)
67,0.1229166666666666 (~1/8),0.125 (1/8),112 (fff)
71,0.1229166666666666 (~1/8),0.125 (1/8),112 (fff)
60,0.1229166666666666 (~1/8),0.125 (1/8),112 (fff)
64,0.1229166666666666 (~1/8),0.125 (1/8),112 (fff)
67,0.1229166666666666 (~1/8),0.125 (1/8),112 (fff)
71,0.1229166666666666 (~1/8),0.125 (1/8),112 (fff)
72,0.1229166666666666 (~1/8),0.125 (1/8),112 (fff)
76,0.1229166666666666 (~1/8),0.125 (1/8),112 (fff)
79,0.1229166666666666 (~1/8),0.125 (1/8),112 (fff)
83,0.1229166666666666 (~1/8),0.125 (1/8),112 (fff)
72,0.1229166666666666 (~1/8),0.125 (1/8),112 (fff)
76,0.1229166666666666 (~1/8),0.125 (1/8),112 (fff)
79,0.1229166666666666 (~1/8),0.125 (1/8),112 (fff)
83,0.1229166666666666 (~1/8),0.125 (1/8),112 (fff)
84,0.1229166666666666 (~1/8),0.125 (1/8),112 (fff)
88,0.1229166666666666 (~1/8),0.125 (1/8),112 (fff)
91,0.1229166666666666 (~1/8),0.125 (1/8),112 (fff)
95,0.1229166666666666 (~1/8),1.125 (9/8),112 (fff)
64,1.9958333333333331 (~9/8),2.0 (~9/8),127 (ffff)
62,1.9979166666666663 (~9/8),2.0 (~9/8),127 (ffff)
47,0.875 (7/8),0.125 (1/8),127 (ffff)
28,0.1229166666666666 (~1/8),0.125 (1/8),112 (fff)
31,0.1229166666666666 (~1/8),0.125 (1/8),112 (fff)
35,0.1229166666666666 (~1/8),0.125 (1/8),112 (fff)
36,0.1229166666666666 (~1/8),0.125 (1/8),112 (fff)
40,0.1229166666666666 (~1/8),0.125 (1/8),112 (fff)
43,0.1229166666666666 (~1/8),0.125 (1/8),112 (fff)
47,0.5 (1/2),0.125 (1/8),112 (fff)
36,0.1229166666666666 (~1/8),0.125 (1/8),112 (fff)
40,0.1229166666666666 (~1/8),0.125 (1/8),112 (fff)
43,0.1229166666666666 (~1/8),0.125 (1/8),112 (fff)
47,2.622916666666667 (~9/8),0.125 (1/8),112 (fff)
48,0.1229166666666666 (~1/8),0.125 (1/8),112 (fff)
52,0.1229166666666666 (~1/8),0.125 (1/8),112 (fff)
55,0.1229166666666666 (~1/8),0.125 (1/8),112 (fff)
59,0.1229166666666666 (~1/8),0.125 (1/8),112 (fff)
48,0.1229166666666666 (~1/8),0.125 (1/8),112 (fff)
52,0.1229166666666666 (~1/8),0.125 (1/8),112 (fff)
55,0.1229166666666666 (~1/8),0.125 (1/8),112 (fff)
59,0.1229166666666666 (~1/8),0.125 (1/8),112 (fff)
60,0.1229166666666666 (~1/8),0.125 (1/8),112 (fff)
64,0.1229166666666666 (~1/8),0.125 (1/8),112 (fff)
67,0.1229166666666666 (~1/8),0.125 (1/8),112 (fff)
71,0.1229166666666666 (~1/8),0.125 (1/8),112 (fff)
60,0.1229166666666666 (~1/8),0.125 (1/8),112 (fff)
64,0.1229166666666666 (~1/8),0.125 (1/8),112 (fff)
67,0.1229166666666666 (~1/8),0.125 (1/8),112 (fff)
71,0.1229166666666666 (~1/8),0.125 (1/8),112 (fff)
72,0.1229166666666666 (~1/8),0.125 (1/8),112 (fff)
76,0.1229166666666666 (~1/8),0.125 (1/8),112 (fff)
79,0.1229166666666666 (~1/8),0.125 (1/8),112 (fff)
83,0.1229166666666666 (~1/8),0.125 (1/8),112 (fff)
72,0.1229166666666666 (~1/8),0.125 (1/8),112 (fff)
76,0.1229166666666666 (~1/8),0.125 (1/8),112 (fff)
79,0.1229166666666666 (~1/8),0.125 (1/8),112 (fff)
83,0.1229166666666666 (~1/8),0.125 (1/8),112 (fff)
84,0.1229166666666666 (~1/8),0.125 (1/8),112 (fff)
88,0.1229166666666666 (~1/8),0.125 (1/8),112 (fff)
91,0.1229166666666666 (~1/8),0.125 (1/8),112 (fff)
95,0.1229166666666666 (~1/8),1.125 (9/8),112 (fff)
64,1.9958333333333331 (~9/8),2.0 (~9/8),127 (ffff)
62,0.9979166666666668 (~1),1.0 (1),127 (ffff)
64,0.9979166666666668 (~1),1.0 (1),127 (ffff)
67,0.9979166666666668 (~1),1.0 (1),127 (ffff)
69,0.9979166666666668 (~1),1.0 (1),127 (ffff)
71,0.9979166666666668 (~1),1.0 (1),127 (ffff)
64,0.875 (7/8),0.125 (1/8),127 (ffff)
42,0.1229166666666666 (~1/8),0.125 (1/8),112 (fff)
45,0.1229166666666666 (~1/8),0.125 (1/8),112 (fff)
49,0.1229166666666666 (~1/8),0.125 (1/8),112 (fff)
53,3.497916666666667 (~9/8),0.125 (1/8),112 (fff)
57,0.625 (~3/4),0.125 (1/8),112 (fff)
60,3.247916666666667 (~9/8),0.125 (1/8),112 (fff)
64,3.122916666666667 (~9/8),0.125 (1/8),112 (fff)
50,0.1229166666666666 (~1/8),0.125 (1/8),112 (fff)
54,0.1229166666666666 (~1/8),0.125 (1/8),112 (fff)
57,2.747916666666667 (~9/8),0.125 (1/8),112 (fff)
61,0.1229166666666666 (~1/8),0.125 (1/8),112 (fff)
65,0.1229166666666666 (~1/8),0.125 (1/8),112 (fff)
69,0.1229166666666666 (~1/8),0.125 (1/8),112 (fff)
72,0.1229166666666666 (~1/8),0.125 (1/8),112 (fff)
76,0.1229166666666666 (~1/8),0.125 (1/8),112 (fff)
62,0.1229166666666666 (~1/8),0.125 (1/8),112 (fff)
66,0.1229166666666666 (~1/8),0.125 (1/8),112 (fff)
69,0.1229166666666666 (~1/8),0.125 (1/8),112 (fff)
73,0.1229166666666666 (~1/8),0.125 (1/8),112 (fff)
77,0.1229166666666666 (~1/8),0.125 (1/8),112 (fff)
81,0.1229166666666666 (~1/8),0.125 (1/8),112 (fff)
84,0.1229166666666666 (~1/8),0.125 (1/8),112 (fff)
88,0.1229166666666666 (~1/8),0.125 (1/8),112 (fff)
74,0.1229166666666666 (~1/8),0.125 (1/8),112 (fff)
78,0.1229166666666666 (~1/8),0.125 (1/8),112 (fff)
81,0.1229166666666666 (~1/8),0.125 (1/8),112 (fff)
85,0.1229166666666666 (~1/8),0.125 (1/8),112 (fff)
89,0.1229166666666666 (~1/8),0.125 (1/8),112 (fff)
93,0.1229166666666666 (~1/8),0.125 (1/8),112 (fff)
96,0.1229166666666666 (~1/8),0.125 (1/8),112 (fff)
100,0.1229166666666666 (~1/8),1.125 (9/8),112 (fff)
76,1.9979166666666663 (~9/8),2.0 (~9/8),127 (ffff)
74,1.9979166666666663 (~9/8),2.0 (~9/8),127 (ffff)
72,1.9979166666666663 (~9/8),2.0 (~9/8),127 (ffff)
71,1.9979166666666663 (~9/8),2.0 (~9/8),127 (ffff)
69,3.497916666666667 (~9/8),0.5 (1/2),127 (ffff)
33,2.997916666666667 (~9/8),0.16666666666666666 (~3/16),80 (mp)
37,2.83125 (~9/8),0.16666666666666666 (~3/16),80 (mp)
40,2.6645833333333333 (~9/8),0.16666666666666666 (~3/16),80 (mp)
42,0.1645833333333333 (~3/16),0.16666666666666666 (~3/16),80 (mp)
46,0.1645833333333333 (~3/16),0.16666666666666666 (~3/16),80 (mp)
49,0.1645833333333333 (~3/16),0.16666666666666666 (~3/16),80 (mp)
45,0.1645833333333333 (~3/16),0.16666666666666666 (~3/16),80 (mp)
49,0.1645833333333333 (~3/16),0.16666666666666666 (~3/16),80 (mp)
52,0.1645833333333333 (~3/16),0.16666666666666666 (~3/16),80 (mp)
54,0.1645833333333333 (~3/16),0.16666666666666666 (~3/16),80 (mp)
58,0.1645833333333333 (~3/16),0.16666666666666666 (~3/16),80 (mp)
61,1.1645833333333333 (~9/8),0.16666666666666666 (~3/16),80 (mp)
58,0.1645833333333333 (~3/16),0.16666666666666666 (~3/16),80 (mp)
54,0.1645833333333333 (~3/16),0.16666666666666666 (~3/16),80 (mp)
52,0.1645833333333333 (~3/16),0.16666666666666666 (~3/16),80 (mp)
49,0.1645833333333333 (~3/16),0.16666666666666666 (~3/16),80 (mp)
45,0.1645833333333333 (~3/16),0.16666666666666666 (~3/16),80 (mp)
49,0.1645833333333333 (~3/16),0.16666666666666666 (~3/16),80 (mp)
52,0.1645833333333333 (~3/16),0.16666666666666666 (~3/16),80 (mp)
54,0.1645833333333333 (~3/16),0.16666666666666666 (~3/16),80 (mp)
58,0.1645833333333333 (~3/16),0.16666666666666666 (~3/16),80 (mp)
61,0.1645833333333333 (~3/16),0.16666666666666666 (~3/16),80 (mp)
57,0.1645833333333333 (~3/16),0.16666666666666666 (~3/16),80 (mp)
61,0.1645833333333333 (~3/16),0.16666666666666666 (~3/16),80 (mp)
64,0.1645833333333333 (~3/16),0.16666666666666666 (~3/16),80 (mp)
66,0.1645833333333333 (~3/16),0.16666666666666666 (~3/16),80 (mp)
70,0.1645833333333333 (~3/16),0.16666666666666666 (~3/16),80 (mp)
73,0.1645833333333333 (~3/16),0.16666666666666666 (~3/16),80 (mp)
70,0.1645833333333333 (~3/16),0.16666666666666666 (~3/16),80 (mp)
66,0.1645833333333333 (~3/16),0.16666666666666666 (~3/16),80 (mp)
64,0.1645833333333333 (~3/16),0.16666666666666666 (~3/16),80 (mp)
61,0.1645833333333333 (~3/16),0.16666666666666666 (~3/16),80 (mp)
57,0.1645833333333333 (~3/16),0.16666666666666666 (~3/16),80 (mp)
61,0.1645833333333333 (~3/16),0.16666666666666666 (~3/16),80 (mp)
58,0.1645833333333333 (~3/16),0.16666666666666666 (~3/16),80 (mp)
54,0.1645833333333333 (~3/16),0.16666666666666666 (~3/16),80 (mp)
52,0.1645833333333333 (~3/16),0.16666666666666666 (~3/16),80 (mp)
49,0.1645833333333333 (~3/16),0.16666666666666666 (~3/16),80 (mp)
45,0.1645833333333333 (~3/16),0.16666666666666666 (~3/16),80 (mp)
49,0.1645833333333333 (~3/16),0.16666666666666666 (~3/16),80 (mp)
52,0.1645833333333333 (~3/16),0.16666666666666666 (~3/16),80 (mp)
54,0.1645833333333333 (~3/16),0.16666666666666666 (~3/16),80 (mp)
58,0.1645833333333333 (~3/16),0.16666666666666666 (~3/16),80 (mp)
61,0.1645833333333333 (~3/16),0.16666666666666666 (~3/16),80 (mp)
57,0.1645833333333333 (~3/16),0.16666666666666666 (~3/16),80 (mp)
61,0.1645833333333333 (~3/16),0.16666666666666666 (~3/16),80 (mp)
64,0.1645833333333333 (~3/16),0.16666666666666666 (~3/16),80 (mp)
66,0.1645833333333333 (~3/16),0.16666666666666666 (~3/16),80 (mp)
70,0.1645833333333333 (~3/16),0.16666666666666666 (~3/16),80 (mp)
73,0.1645833333333333 (~3/16),0.16666666666666666 (~3/16),80 (mp)
70,0.1645833333333333 (~3/16),0.16666666666666666 (~3/16),80 (mp)
66,0.1645833333333333 (~3/16),0.16666666666666666 (~3/16),80 (mp)
64,0.1645833333333333 (~3/16),0.16666666666666666 (~3/16),80 (mp)
61,0.1645833333333333 (~3/16),0.16666666666666666 (~3/16),80 (mp)
57,0.1645833333333333 (~3/16),0.16666666666666666 (~3/16),80 (mp)
61,0.1645833333333333 (~3/16),0.16666666666666666 (~3/16),80 (mp)
58,0.1645833333333333 (~3/16),0.16666666666666666 (~3/16),80 (mp)
54,0.1645833333333333 (~3/16),0.16666666666666666 (~3/16),80 (mp)
52,0.1645833333333333 (~3/16),0.16666666666666666 (~3/16),80 (mp)
49,0.1645833333333333 (~3/16),0.16666666666666666 (~3/16),80 (mp)
64,1.3333333333333333 (~9/8),0.16666666666666666 (~3/16),80 (mp)
49,0.1645833333333333 (~3/16),0.16666666666666666 (~3/16),80 (mp)
52,0.1645833333333333 (~3/16),0.16666666666666666 (~3/16),80 (mp)
54,0.1645833333333333 (~3/16),0.16666666666666666 (~3/16),80 (mp)
58,0.1645833333333333 (~3/16),0.16666666666666666 (~3/16),80 (mp)
61,0.1645833333333333 (~3/16),0.16666666666666666 (~3/16),80 (mp)
57,0.1645833333333333 (~3/16),0.16666666666666666 (~3/16),80 (mp)
61,0.1645833333333333 (~3/16),0.16666666666666666 (~3/16),80 (mp)
64,1.0 (1),0.16666666666666666 (~3/16),80 (mp)
66,0.1645833333333333 (~3/16),0.16666666666666666 (~3/16),80 (mp)
70,0.1645833333333333 (~3/16),0.16666666666666666 (~3/16),80 (mp)
73,0.1645833333333333 (~3/16),0.16666666666666666 (~3/16),80 (mp)
70,0.1645833333333333 (~3/16),0.16666666666666666 (~3/16),80 (mp)
66,0.1645833333333333 (~3/16),0.16666666666666666 (~3/16),80 (mp)
64,1.1645833333333333 (~9/8),0.16666666666666666 (~3/16),80 (mp)
61,0.1645833333333333 (~3/16),0.16666666666666666 (~3/16),80 (mp)
57,0.1645833333333333 (~3/16),0.16666666666666666 (~3/16),80 (mp)
61,0.1645833333333333 (~3/16),0.16666666666666666 (~3/16),80 (mp)
58,0.1645833333333333 (~3/16),0.16666666666666666 (~3/16),80 (mp)
54,0.1645833333333333 (~3/16),0.16666666666666666 (~3/16),80 (mp)
52,0.1645833333333333 (~3/16),0.16666666666666666 (~3/16),80 (mp)
67,3.497916666666667 (~9/8),0.16666666666666666 (~3/16),80 (mp)
49,0.1645833333333333 (~3/16),0.16666666666666666 (~3/16),80 (mp)
52,0.1645833333333333 (~3/16),0.16666666666666666 (~3/16),80 (mp)
54,0.1645833333333333 (~3/16),0.16666666666666666 (~3/16),80 (mp)
58,0.1645833333333333 (~3/16),0.16666666666666666 (~3/16),80 (mp)
61,0.1645833333333333 (~3/16),0.16666666666666666 (~3/16),80 (mp)
57,0.1645833333333333 (~3/16),0.16666666666666666 (~3/16),80 (mp)
61,0.1645833333333333 (~3/16),0.16666666666666666 (~3/16),80 (mp)
64,0.1645833333333333 (~3/16),0.16666666666666666 (~3/16),80 (mp)
66,0.1645833333333333 (~3/16),0.16666666666666666 (~3/16),80 (mp)
70,0.1645833333333333 (~3/16),0.16666666666666666 (~3/16),80 (mp)
73,0.1645833333333333 (~3/16),0.16666666666666666 (~3/16),80 (mp)
70,0.1645833333333333 (~3/16),0.16666666666666666 (~3/16),80 (mp)
66,0.1645833333333333 (~3/16),0.16666666666666666 (~3/16),80 (mp)
64,0.1645833333333333 (~3/16),0.16666666666666666 (~3/16),80 (mp)
61,0.1645833333333333 (~3/16),0.16666666666666666 (~3/16),80 (mp)
57,0.1645833333333333 (~3/16),0.16666666666666666 (~3/16),80 (mp)
61,0.1645833333333333 (~3/16),0.16666666666666666 (~3/16),80 (mp)
58,0.1645833333333333 (~3/16),0.16666666666666666 (~3/16),80 (mp)
54,0.1645833333333333 (~3/16),0.16666666666666666 (~3/16),80 (mp)
52,0.1645833333333333 (~3/16),0.16666666666666666 (~3/16),80 (mp)
71,3.497916666666667 (~9/8),0.16666666666666666 (~3/16),80 (mp)
49,0.1645833333333333 (~3/16),0.16666666666666666 (~3/16),80 (mp)
52,0.1645833333333333 (~3/16),0.16666666666666666 (~3/16),80 (mp)
54,0.1645833333333333 (~3/16),0.16666666666666666 (~3/16),80 (mp)
58,0.1645833333333333 (~3/16),0.16666666666666666 (~3/16),80 (mp)
61,0.1645833333333333 (~3/16),0.16666666666666666 (~3/16),80 (mp)
57,0.1645833333333333 (~3/16),0.16666666666666666 (~3/16),80 (mp)
61,0.1645833333333333 (~3/16),0.16666666666666666 (~3/16),80 (mp)
64,0.1645833333333333 (~3/16),0.16666666666666666 (~3/16),80 (mp)
66,0.1645833333333333 (~3/16),0.16666666666666666 (~3/16),80 (mp)
70,0.1645833333333333 (~3/16),0.16666666666666666 (~3/16),80 (mp)
73,0.1645833333333333 (~3/16),0.16666666666666666 (~3/16),80 (mp)
70,0.1645833333333333 (~3/16),0.16666666666666666 (~3/16),80 (mp)
66,0.1645833333333333 (~3/16),0.16666666666666666 (~3/16),80 (mp)
64,0.1645833333333333 (~3/16),0.16666666666666666 (~3/16),80 (mp)
61,0.1645833333333333 (~3/16),0.16666666666666666 (~3/16),80 (mp)
57,0.1645833333333333 (~3/16),0.16666666666666666 (~3/16),80 (mp)
61,0.1645833333333333 (~3/16),0.16666666666666666 (~3/16),80 (mp)
58,0.1645833333333333 (~3/16),0.16666666666666666 (~3/16),80 (mp)
54,0.1645833333333333 (~3/16),0.16666666666666666 (~3/16),80 (mp)
52,0.1645833333333333 (~3/16),0.16666666666666666 (~3/16),80 (mp)
60,0.75 (3/4),0.125 (1/8),80 (mp)
42,0.1229166666666666 (~1/8),0.125 (1/8),80 (mp)
45,0.1229166666666666 (~1/8),0.125 (1/8),80 (mp)
49,0.1229166666666666 (~1/8),0.125 (1/8),80 (mp)
53,0.1229166666666666 (~1/8),0.125 (1/8),80 (mp)
57,0.1229166666666666 (~1/8),0.125 (1/8),80 (mp)
60,2.25 (~9/8),0.125 (1/8),80 (mp)
64,0.1229166666666666 (~1/8),0.125 (1/8),80 (mp)
50,0.1229166666666666 (~1/8),0.125 (1/8),80 (mp)
54,0.1229166666666666 (~1/8),0.125 (1/8),80 (mp)
57,0.1229166666666666 (~1/8),0.125 (1/8),80 (mp)
61,0.1229166666666666 (~1/8),0.125 (1/8),80 (mp)
65,0.1229166666666666 (~1/8),0.125 (1/8),80 (mp)
69,0.1229166666666666 (~1/8),0.125 (1/8),80 (mp)
72,0.1229166666666666 (~1/8),0.125 (1/8),80 (mp)
76,0.1229166666666666 (~1/8),0.125 (1/8),80 (mp)
72,0.1229166666666666 (~1/8),0.125 (1/8),80 (mp)
69,0.1229166666666666 (~1/8),0.125 (1/8),80 (mp)
65,0.1229166666666666 (~1/8),0.125 (1/8),80 (mp)
61,0.1229166666666666 (~1/8),0.125 (1/8),80 (mp)
57,0.1229166666666666 (~1/8),0.125 (1/8),80 (mp)
54,0.1229166666666666 (~1/8),0.125 (1/8),80 (mp)
50,0.1229166666666666 (~1/8),0.125 (1/8),80 (mp)
64,0.1229166666666666 (~1/8),0.125 (1/8),80 (mp)
60,0.4979166666666667 (~1/2),0.125 (1/8),80 (mp)
57,0.1229166666666666 (~1/8),0.125 (1/8),80 (mp)
53,0.1229166666666666 (~1/8),0.125 (1/8),80 (mp)
49,0.1229166666666666 (~1/8),0.125 (1/8),80 (mp)
64,0.875 (7/8),0.125 (1/8),80 (mp)
42,0.1229166666666666 (~1/8),0.125 (1/8),80 (mp)
45,0.1229166666666666 (~1/8),0.125 (1/8),80 (mp)
49,0.1229166666666666 (~1/8),0.125 (1/8),80 (mp)
53,0.1229166666666666 (~1/8),0.125 (1/8),80 (mp)
57,0.1229166666666666 (~1/8),0.125 (1/8),80 (mp)
60,0.1229166666666666 (~1/8),0.125 (1/8),80 (mp)
64,2.0 (~9/8),0.125 (1/8),80 (mp)
50,0.1229166666666666 (~1/8),0.125 (1/8),80 (mp)
54,0.1229166666666666 (~1/8),0.125 (1/8),80 (mp)
57,0.1229166666666666 (~1/8),0.125 (1/8),80 (mp)
61,0.1229166666666666 (~1/8),0.125 (1/8),80 (mp)
65,0.1229166666666666 (~1/8),0.125 (1/8),80 (mp)
69,0.1229166666666666 (~1/8),0.125 (1/8),80 (mp)
72,0.1229166666666666 (~1/8),0.125 (1/8),80 (mp)
76,0.1229166666666666 (~1/8),0.125 (1/8),80 (mp)
72,0.1229166666666666 (~1/8),0.125 (1/8),80 (mp)
69,0.1229166666666666 (~1/8),0.125 (1/8),80 (mp)
65,0.1229166666666666 (~1/8),0.125 (1/8),80 (mp)
61,0.1229166666666666 (~1/8),0.125 (1/8),80 (mp)
57,0.1229166666666666 (~1/8),0.125 (1/8),80 (mp)
54,0.1229166666666666 (~1/8),0.125 (1/8),80 (mp)
50,0.1229166666666666 (~1/8),0.125 (1/8),80 (mp)
64,0.6229166666666667 (~1/2),0.125 (1/8),80 (mp)
60,0.1229166666666666 (~1/8),0.125 (1/8),80 (mp)
57,0.1229166666666666 (~1/8),0.125 (1/8),80 (mp)
53,0.1229166666666666 (~1/8),0.125 (1/8),80 (mp)
49,0.1229166666666666 (~1/8),0.125 (1/8),80 (mp)
53,0.5 (1/2),0.125 (1/8),80 (mp)
42,0.1229166666666666 (~1/8),0.125 (1/8),80 (mp)
45,0.1229166666666666 (~1/8),0.125 (1/8),80 (mp)
49,0.1229166666666666 (~1/8),0.125 (1/8),80 (mp)
53,2.75 (~9/8),0.125 (1/8),80 (mp)
57,0.1229166666666666 (~1/8),0.125 (1/8),80 (mp)
60,0.1229166666666666 (~1/8),0.125 (1/8),80 (mp)
64,0.1229166666666666 (~1/8),0.125 (1/8),80 (mp)
50,0.1229166666666666 (~1/8),0.125 (1/8),80 (mp)
54,0.1229166666666666 (~1/8),0.125 (1/8),80 (mp)
57,0.1229166666666666 (~1/8),0.125 (1/8),80 (mp)
61,0.1229166666666666 (~1/8),0.125 (1/8),80 (mp)
65,0.1229166666666666 (~1/8),0.125 (1/8),80 (mp)
69,0.1229166666666666 (~1/8),0.125 (1/8),80 (mp)
72,0.1229166666666666 (~1/8),0.125 (1/8),80 (mp)
76,0.1229166666666666 (~1/8),0.125 (1/8),80 (mp)
72,0.1229166666666666 (~1/8),0.125 (1/8),80 (mp)
69,0.1229166666666666 (~1/8),0.125 (1/8),80 (mp)
65,0.1229166666666666 (~1/8),0.125 (1/8),80 (mp)
61,0.1229166666666666 (~1/8),0.125 (1/8),80 (mp)
57,0.1229166666666666 (~1/8),0.125 (1/8),80 (mp)
54,0.1229166666666666 (~1/8),0.125 (1/8),80 (mp)
50,0.1229166666666666 (~1/8),0.125 (1/8),80 (mp)
64,0.1229166666666666 (~1/8),0.125 (1/8),80 (mp)
60,0.1229166666666666 (~1/8),0.125 (1/8),80 (mp)
57,0.1229166666666666 (~1/8),0.125 (1/8),80 (mp)
53,0.2479166666666666 (~1/4),0.125 (1/8),80 (mp)
49,0.1229166666666666 (~1/8),0.125 (1/8),80 (mp)
57,0.5 (1/2),0.125 (1/8),80 (mp)
46,0.1229166666666666 (~1/8),0.125 (1/8),80 (mp)
49,0.1229166666666666 (~1/8),0.125 (1/8),80 (mp)
53,0.1229166666666666 (~1/8),0.125 (1/8),80 (mp)
57,2.75 (~9/8),0.125 (1/8),80 (mp)
61,0.1229166666666666 (~1/8),0.125 (1/8),80 (mp)
64,0.1229166666666666 (~1/8),0.125 (1/8),80 (mp)
68,0.1229166666666666 (~1/8),0.125 (1/8),80 (mp)
54,0.1229166666666666 (~1/8),0.125 (1/8),80 (mp)
58,0.1229166666666666 (~1/8),0.125 (1/8),80 (mp)
61,0.1229166666666666 (~1/8),0.125 (1/8),80 (mp)
65,0.1229166666666666 (~1/8),0.125 (1/8),80 (mp)
69,0.1229166666666666 (~1/8),0.125 (1/8),80 (mp)
73,0.1229166666666666 (~1/8),0.125 (1/8),80 (mp)
76,0.1229166666666666 (~1/8),0.125 (1/8),80 (mp)
80,0.1229166666666666 (~1/8),0.125 (1/8),80 (mp)
76,0.1229166666666666 (~1/8),0.125 (1/8),80 (mp)
73,0.1229166666666666 (~1/8),0.125 (1/8),80 (mp)
69,0.1229166666666666 (~1/8),0.125 (1/8),80 (mp)
65,0.1229166666666666 (~1/8),0.125 (1/8),80 (mp)
61,0.1229166666666666 (~1/8),0.125 (1/8),80 (mp)
58,0.1229166666666666 (~1/8),0.125 (1/8),80 (mp)
54,0.1229166666666666 (~1/8),0.125 (1/8),80 (mp)
68,0.1229166666666666 (~1/8),0.125 (1/8),80 (mp)
64,0.1229166666666666 (~1/8),0.125 (1/8),80 (mp)
61,0.1229166666666666 (~1/8),0.125 (1/8),80 (mp)
57,0.2479166666666666 (~1/4),0.125 (1/8),80 (mp)
53,0.1229166666666666 (~1/8),0.125 (1/8),80 (mp)
61,0.625 (~3/4),0.125 (1/8),80 (mp)
46,0.1229166666666666 (~1/8),0.125 (1/8),80 (mp)
49,0.1229166666666666 (~1/8),0.125 (1/8),80 (mp)
53,0.1229166666666666 (~1/8),0.125 (1/8),80 (mp)
57,0.1229166666666666 (~1/8),0.125 (1/8),80 (mp)
61,0.625 (~3/4),0.125 (1/8),80 (mp)
64,0.1229166666666666 (~1/8),0.125 (1/8),80 (mp)
68,0.1229166666666666 (~1/8),0.125 (1/8),80 (mp)
54,0.1229166666666666 (~1/8),0.125 (1/8),80 (mp)
58,0.1229166666666666 (~1/8),0.125 (1/8),80 (mp)
61,1.25 (~9/8),0.125 (1/8),80 (mp)
65,0.1229166666666666 (~1/8),0.125 (1/8),80 (mp)
69,0.1229166666666666 (~1/8),0.125 (1/8),80 (mp)
73,0.1229166666666666 (~1/8),0.125 (1/8),80 (mp)
76,0.1229166666666666 (~1/8),0.125 (1/8),80 (mp)
80,0.1229166666666666 (~1/8),0.125 (1/8),80 (mp)
76,0.1229166666666666 (~1/8),0.125 (1/8),80 (mp)
73,0.1229166666666666 (~1/8),0.125 (1/8),80 (mp)
69,0.1229166666666666 (~1/8),0.125 (1/8),80 (mp)
65,0.1229166666666666 (~1/8),0.125 (1/8),80 (mp)
61,0.625 (~3/4),0.125 (1/8),80 (mp)
58,0.1229166666666666 (~1/8),0.125 (1/8),80 (mp)
54,0.1229166666666666 (~1/8),0.125 (1/8),80 (mp)
68,0.1229166666666666 (~1/8),0.125 (1/8),80 (mp)
64,0.1229166666666666 (~1/8),0.125 (1/8),80 (mp)
61,0.3729166666666667 (~1/4),0.125 (1/8),80 (mp)
57,0.1229166666666666 (~1/8),0.125 (1/8),80 (mp)
53,0.1229166666666666 (~1/8),0.125 (1/8),80 (mp)
68,0.875 (7/8),0.125 (1/8),80 (mp)
46,0.1229166666666666 (~1/8),0.125 (1/8),80 (mp)
49,0.1229166666666666 (~1/8),0.125 (1/8),80 (mp)
53,0.1229166666666666 (~1/8),0.125 (1/8),80 (mp)
57,0.1229166666666666 (~1/8),0.125 (1/8),80 (mp)
61,0.1229166666666666 (~1/8),0.125 (1/8),80 (mp)
64,0.1229166666666666 (~1/8),0.125 (1/8),80 (mp)
68,2.0 (~9/8),0.125 (1/8),80 (mp)
54,0.1229166666666666 (~1/8),0.125 (1/8),80 (mp)
58,0.1229166666666666 (~1/8),0.125 (1/8),80 (mp)
61,0.1229166666666666 (~1/8),0.125 (1/8),80 (mp)
65,0.1229166666666666 (~1/8),0.125 (1/8),80 (mp)
69,0.1229166666666666 (~1/8),0.125 (1/8),80 (mp)
73,0.1229166666666666 (~1/8),0.125 (1/8),80 (mp)
76,0.1229166666666666 (~1/8),0.125 (1/8),80 (mp)
80,0.1229166666666666 (~1/8),0.125 (1/8),80 (mp)
76,0.1229166666666666 (~1/8),0.125 (1/8),80 (mp)
73,0.1229166666666666 (~1/8),0.125 (1/8),80 (mp)
69,0.1229166666666666 (~1/8),0.125 (1/8),80 (mp)
65,0.1229166666666666 (~1/8),0.125 (1/8),80 (mp)
61,0.1229166666666666 (~1/8),0.125 (1/8),80 (mp)
58,0.1229166666666666 (~1/8),0.125 (1/8),80 (mp)
54,0.1229166666666666 (~1/8),0.125 (1/8),80 (mp)
68,0.6229166666666667 (~1/2),0.125 (1/8),80 (mp)
64,0.1229166666666666 (~1/8),0.125 (1/8),80 (mp)
61,0.1229166666666666 (~1/8),0.125 (1/8),80 (mp)
57,0.1229166666666666 (~1/8),0.125 (1/8),80 (mp)
53,0.1229166666666666 (~1/8),0.125 (1/8),80 (mp)
57,0.5 (1/2),0.125 (1/8),80 (mp)
45,0.1229166666666666 (~1/8),0.125 (1/8),80 (mp)
48,0.1229166666666666 (~1/8),0.125 (1/8),80 (mp)
52,0.1229166666666666 (~1/8),0.125 (1/8),80 (mp)
57,0.625 (~3/4),0.125 (1/8),80 (mp)
61,0.1229166666666666 (~1/8),0.125 (1/8),80 (mp)
64,0.1229166666666666 (~1/8),0.125 (1/8),80 (mp)
68,0.1229166666666666 (~1/8),0.125 (1/8),80 (mp)
53,0.1229166666666666 (~1/8),0.125 (1/8),80 (mp)
57,1.5 (~9/8),0.125 (1/8),80 (mp)
60,0.1229166666666666 (~1/8),0.125 (1/8),80 (mp)
64,0.1229166666666666 (~1/8),0.125 (1/8),80 (mp)
69,0.1229166666666666 (~1/8),0.125 (1/8),80 (mp)
73,0.1229166666666666 (~1/8),0.125 (1/8),80 (mp)
76,0.1229166666666666 (~1/8),0.125 (1/8),80 (mp)
80,0.1229166666666666 (~1/8),0.125 (1/8),80 (mp)
76,0.1229166666666666 (~1/8),0.125 (1/8),80 (mp)
73,0.1229166666666666 (~1/8),0.125 (1/8),80 (mp)
69,0.1229166666666666 (~1/8),0.125 (1/8),80 (mp)
64,0.1229166666666666 (~1/8),0.125 (1/8),80 (mp)
60,0.1229166666666666 (~1/8),0.125 (1/8),80 (mp)
57,0.625 (~3/4),0.125 (1/8),80 (mp)
53,0.1229166666666666 (~1/8),0.125 (1/8),80 (mp)
68,0.1229166666666666 (~1/8),0.125 (1/8),80 (mp)
64,0.1229166666666666 (~1/8),0.125 (1/8),80 (mp)
61,0.1229166666666666 (~1/8),0.125 (1/8),80 (mp)
57,0.2479166666666666 (~1/4),0.125 (1/8),80 (mp)
52,0.1229166666666666 (~1/8),0.125 (1/8),80 (mp)
71,3.497916666666667 (~9/8),0.125 (1/8),80 (mp)
45,0.1229166666666666 (~1/8),0.125 (1/8),80 (mp)
48,0.1229166666666666 (~1/8),0.125 (1/8),80 (mp)
52,0.1229166666666666 (~1/8),0.125 (1/8),80 (mp)
57,0.1229166666666666 (~1/8),0.125 (1/8),80 (mp)
61,0.1229166666666666 (~1/8),0.125 (1/8),80 (mp)
64,0.1229166666666666 (~1/8),0.125 (1/8),80 (mp)
68,0.1229166666666666 (~1/8),0.125 (1/8),80 (mp)
53,0.1229166666666666 (~1/8),0.125 (1/8),80 (mp)
57,0.1229166666666666 (~1/8),0.125 (1/8),80 (mp)
60,0.1229166666666666 (~1/8),0.125 (1/8),80 (mp)
64,0.1229166666666666 (~1/8),0.125 (1/8),80 (mp)
69,0.1229166666666666 (~1/8),0.125 (1/8),80 (mp)
73,0.1229166666666666 (~1/8),0.125 (1/8),80 (mp)
76,0.1229166666666666 (~1/8),0.125 (1/8),80 (mp)
80,0.1229166666666666 (~1/8),0.125 (1/8),80 (mp)
76,0.1229166666666666 (~1/8),0.125 (1/8),80 (mp)
73,0.1229166666666666 (~1/8),0.125 (1/8),80 (mp)
69,0.1229166666666666 (~1/8),0.125 (1/8),80 (mp)
64,0.1229166666666666 (~1/8),0.125 (1/8),80 (mp)
60,0.1229166666666666 (~1/8),0.125 (1/8),80 (mp)
57,0.1229166666666666 (~1/8),0.125 (1/8),80 (mp)
53,0.1229166666666666 (~1/8),0.125 (1/8),80 (mp)
68,0.1229166666666666 (~1/8),0.125 (1/8),80 (mp)
64,0.1229166666666666 (~1/8),0.125 (1/8),80 (mp)
61,0.1229166666666666 (~1/8),0.125 (1/8),80 (mp)
57,0.1229166666666666 (~1/8),0.125 (1/8),80 (mp)
52,0.1229166666666666 (~1/8),0.125 (1/8),80 (mp)
55,0.5 (1/2),0.125 (1/8),80 (mp)
43,0.1229166666666666 (~1/8),0.125 (1/8),80 (mp)
46,0.1229166666666666 (~1/8),0.125 (1/8),80 (mp)
50,0.1229166666666666 (~1/8),0.125 (1/8),80 (mp)
55,0.625 (~3/4),0.125 (1/8),80 (mp)
59,0.1229166666666666 (~1/8),0.125 (1/8),80 (mp)
62,0.1229166666666666 (~1/8),0.125 (1/8),80 (mp)
66,0.1229166666666666 (~1/8),0.125 (1/8),80 (mp)
51,0.1229166666666666 (~1/8),0.125 (1/8),80 (mp)
55,1.5 (~9/8),0.125 (1/8),80 (mp)
58,0.1229166666666666 (~1/8),0.125 (1/8),80 (mp)
62,0.1229166666666666 (~1/8),0.125 (1/8),80 (mp)
67,0.1229166666666666 (~1/8),0.125 (1/8),80 (mp)
71,0.1229166666666666 (~1/8),0.125 (1/8),80 (mp)
74,0.1229166666666666 (~1/8),0.125 (1/8),80 (mp)
78,0.1229166666666666 (~1/8),0.125 (1/8),80 (mp)
74,0.1229166666666666 (~1/8),0.125 (1/8),80 (mp)
71,0.1229166666666666 (~1/8),0.125 (1/8),80 (mp)
67,0.1229166666666666 (~1/8),0.125 (1/8),80 (mp)
62,0.1229166666666666 (~1/8),0.125 (1/8),80 (mp)
58,0.1229166666666666 (~1/8),0.125 (1/8),80 (mp)
55,0.625 (~3/4),0.125 (1/8),80 (mp)
51,0.1229166666666666 (~1/8),0.125 (1/8),80 (mp)
66,0.1229166666666666 (~1/8),0.125 (1/8),80 (mp)
62,0.1229166666666666 (~1/8),0.125 (1/8),80 (mp)
59,0.1229166666666666 (~1/8),0.125 (1/8),80 (mp)
55,0.2479166666666666 (~1/4),0.125 (1/8),80 (mp)
50,0.1229166666666666 (~1/8),0.125 (1/8),80 (mp)
65,3.497916666666667 (~9/8),0.125 (1/8),80 (mp)
43,0.1229166666666666 (~1/8),0.125 (1/8),80 (mp)
46,0.1229166666666666 (~1/8),0.125 (1/8),80 (mp)
50,0.1229166666666666 (~1/8),0.125 (1/8),80 (mp)
55,0.1229166666666666 (~1/8),0.125 (1/8),80 (mp)
59,0.1229166666666666 (~1/8),0.125 (1/8),80 (mp)
62,0.1229166666666666 (~1/8),0.125 (1/8),80 (mp)
66,0.1229166666666666 (~1/8),0.125 (1/8),80 (mp)
51,0.1229166666666666 (~1/8),0.125 (1/8),80 (mp)
55,0.1229166666666666 (~1/8),0.125 (1/8),80 (mp)
58,0.1229166666666666 (~1/8),0.125 (1/8),80 (mp)
62,0.1229166666666666 (~1/8),0.125 (1/8),80 (mp)
67,0.1229166666666666 (~1/8),0.125 (1/8),80 (mp)
71,0.1229166666666666 (~1/8),0.125 (1/8),80 (mp)
74,0.1229166666666666 (~1/8),0.125 (1/8),80 (mp)
78,0.1229166666666666 (~1/8),0.125 (1/8),80 (mp)
74,0.1229166666666666 (~1/8),0.125 (1/8),80 (mp)
71,0.1229166666666666 (~1/8),0.125 (1/8),80 (mp)
67,0.1229166666666666 (~1/8),0.125 (1/8),80 (mp)
62,0.1229166666666666 (~1/8),0.125 (1/8),80 (mp)
58,0.1229166666666666 (~1/8),0.125 (1/8),80 (mp)
55,0.1229166666666666 (~1/8),0.125 (1/8),80 (mp)
51,0.1229166666666666 (~1/8),0.125 (1/8),80 (mp)
66,0.1229166666666666 (~1/8),0.125 (1/8),80 (mp)
62,0.1229166666666666 (~1/8),0.125 (1/8),80 (mp)
59,0.1229166666666666 (~1/8),0.125 (1/8),80 (mp)
55,0.1229166666666666 (~1/8),0.125 (1/8),80 (mp)
50,0.1229166666666666 (~1/8),0.125 (1/8),80 (mp)
54,0.5 (1/2),0.125 (1/8),80 (mp)
42,0.1229166666666666 (~1/8),0.125 (1/8),80 (mp)
45,0.1229166666666666 (~1/8),0.125 (1/8),80 (mp)
49,0.1229166666666666 (~1/8),0.125 (1/8),80 (mp)
54,0.625 (~3/4),0.125 (1/8),80 (mp)
58,0.1229166666666666 (~1/8),0.125 (1/8),80 (mp)
61,0.1229166666666666 (~1/8),0.125 (1/8),80 (mp)
65,0.1229166666666666 (~1/8),0.125 (1/8),80 (mp)
50,0.1229166666666666 (~1/8),0.125 (1/8),80 (mp)
54,1.5 (~9/8),0.125 (1/8),80 (mp)
57,0.1229166666666666 (~1/8),0.125 (1/8),80 (mp)
61,0.1229166666666666 (~1/8),0.125 (1/8),80 (mp)
66,0.1229166666666666 (~1/8),0.125 (1/8),80 (mp)
70,0.1229166666666666 (~1/8),0.125 (1/8),80 (mp)
73,0.1229166666666666 (~1/8),0.125 (1/8),80 (mp)
77,0.1229166666666666 (~1/8),0.125 (1/8),80 (mp)
73,0.1229166666666666 (~1/8),0.125 (1/8),80 (mp)
70,0.1229166666666666 (~1/8),0.125 (1/8),80 (mp)
66,0.1229166666666666 (~1/8),0.125 (1/8),80 (mp)
61,0.1229166666666666 (~1/8),0.125 (1/8),80 (mp)
57,0.1229166666666666 (~1/8),0.125 (1/8),80 (mp)
54,0.625 (~3/4),0.125 (1/8),80 (mp)
50,0.1229166666666666 (~1/8),0.125 (1/8),80 (mp)
65,0.1229166666666666 (~1/8),0.125 (1/8),80 (mp)
60,0.1229166666666666 (~1/8),0.125 (1/8),80 (mp)
58,0.1229166666666666 (~1/8),0.125 (1/8),80 (mp)
54,0.2479166666666666 (~1/4),0.125 (1/8),80 (mp)
49,0.1229166666666666 (~1/8),0.125 (1/8),80 (mp)
56,0.75 (3/4),0.125 (1/8),80 (mp)
38,0.1229166666666666 (~1/8),0.125 (1/8),80 (mp)
41,0.1229166666666666 (~1/8),0.125 (1/8),80 (mp)
45,0.1229166666666666 (~1/8),0.125 (1/8),80 (mp)
49,0.1229166666666666 (~1/8),0.125 (1/8),80 (mp)
53,0.1229166666666666 (~1/8),0.125 (1/8),80 (mp)
56,2.25 (~9/8),0.125 (1/8),80 (mp)
60,0.1229166666666666 (~1/8),0.125 (1/8),80 (mp)
46,0.1229166666666666 (~1/8),0.125 (1/8),80 (mp)
50,0.1229166666666666 (~1/8),0.125 (1/8),80 (mp)
53,0.1229166666666666 (~1/8),0.125 (1/8),80 (mp)
57,0.1229166666666666 (~1/8),0.125 (1/8),80 (mp)
61,0.1229166666666666 (~1/8),0.125 (1/8),80 (mp)
65,0.1229166666666666 (~1/8),0.125 (1/8),80 (mp)
68,0.1229166666666666 (~1/8),0.125 (1/8),80 (mp)
72,0.1229166666666666 (~1/8),0.125 (1/8),80 (mp)
68,0.1229166666666666 (~1/8),0.125 (1/8),80 (mp)
65,0.1229166666666666 (~1/8),0.125 (1/8),80 (mp)
61,0.1229166666666666 (~1/8),0.125 (1/8),80 (mp)
57,0.1229166666666666 (~1/8),0.125 (1/8),80 (mp)
53,0.1229166666666666 (~1/8),0.125 (1/8),80 (mp)
50,0.1229166666666666 (~1/8),0.125 (1/8),80 (mp)
46,0.1229166666666666 (~1/8),0.125 (1/8),80 (mp)
60,0.1229166666666666 (~1/8),0.125 (1/8),80 (mp)
56,0.4979166666666667 (~1/2),0.125 (1/8),80 (mp)
53,0.1229166666666666 (~1/8),0.125 (1/8),80 (mp)
49,0.1229166666666666 (~1/8),0.125 (1/8),80 (mp)
45,0.1229166666666666 (~1/8),0.125 (1/8),80 (mp)
59,3.497916666666667 (~9/8),0.125 (1/8),80 (mp)
38,0.1229166666666666 (~1/8),0.125 (1/8),80 (mp)
41,0.1229166666666666 (~1/8),0.125 (1/8),80 (mp)
45,0.1229166666666666 (~1/8),0.125 (1/8),80 (mp)
49,0.1229166666666666 (~1/8),0.125 (1/8),80 (mp)
53,0.1229166666666666 (~1/8),0.125 (1/8),80 (mp)
56,0.1229166666666666 (~1/8),0.125 (1/8),80 (mp)
60,0.1229166666666666 (~1/8),0.125 (1/8),80 (mp)
46,0.1229166666666666 (~1/8),0.125 (1/8),80 (mp)
50,0.1229166666666666 (~1/8),0.125 (1/8),80 (mp)
53,0.1229166666666666 (~1/8),0.125 (1/8),80 (mp)
57,0.1229166666666666 (~1/8),0.125 (1/8),80 (mp)
61,0.1229166666666666 (~1/8),0.125 (1/8),80 (mp)
65,0.1229166666666666 (~1/8),0.125 (1/8),80 (mp)
68,0.1229166666666666 (~1/8),0.125 (1/8),80 (mp)
72,0.1229166666666666 (~1/8),0.125 (1/8),80 (mp)
68,0.1229166666666666 (~1/8),0.125 (1/8),80 (mp)
65,0.1229166666666666 (~1/8),0.125 (1/8),80 (mp)
61,0.1229166666666666 (~1/8),0.125 (1/8),80 (mp)
57,0.1229166666666666 (~1/8),0.125 (1/8),80 (mp)
53,0.1229166666666666 (~1/8),0.125 (1/8),80 (mp)
50,0.1229166666666666 (~1/8),0.125 (1/8),80 (mp)
46,0.1229166666666666 (~1/8),0.125 (1/8),80 (mp)
60,0.1229166666666666 (~1/8),0.125 (1/8),80 (mp)
56,0.1229166666666666 (~1/8),0.125 (1/8),80 (mp)
53,0.1229166666666666 (~1/8),0.125 (1/8),80 (mp)
49,0.1229166666666666 (~1/8),0.125 (1/8),80 (mp)
45,0.1229166666666666 (~1/8),0.125 (1/8),80 (mp)
61,0.875 (7/8),0.125 (1/8),80 (mp)
37,0.1229166666666666 (~1/8),0.125 (1/8),80 (mp)
40,0.1229166666666666 (~1/8),0.125 (1/8),80 (mp)
44,0.1229166666666666 (~1/8),0.125 (1/8),80 (mp)
50,0.1229166666666666 (~1/8),0.125 (1/8),80 (mp)
54,0.1229166666666666 (~1/8),0.125 (1/8),80 (mp)
57,0.1229166666666666 (~1/8),0.125 (1/8),80 (mp)
61,3.0 (~9/8),0.125 (1/8),80 (mp)
45,0.1229166666666666 (~1/8),0.125 (1/8),80 (mp)
49,0.1229166666666666 (~1/8),0.125 (1/8),80 (mp)
52,0.1229166666666666 (~1/8),0.125 (1/8),80 (mp)
56,0.1229166666666666 (~1/8),0.125 (1/8),80 (mp)
62,0.1229166666666666 (~1/8),0.125 (1/8),80 (mp)
66,0.1229166666666666 (~1/8),0.125 (1/8),80 (mp)
69,0.1229166666666666 (~1/8),0.125 (1/8),80 (mp)
73,0.1229166666666666 (~1/8),0.125 (1/8),80 (mp)
69,0.1229166666666666 (~1/8),0.125 (1/8),80 (mp)
66,0.1229166666666666 (~1/8),0.125 (1/8),80 (mp)
62,0.1229166666666666 (~1/8),0.125 (1/8),80 (mp)
56,0.1229166666666666 (~1/8),0.125 (1/8),80 (mp)
52,0.1229166666666666 (~1/8),0.125 (1/8),80 (mp)
49,0.1229166666666666 (~1/8),0.125 (1/8),80 (mp)
45,0.1229166666666666 (~1/8),0.125 (1/8),80 (mp)
49,0.1229166666666666 (~1/8),0.125 (1/8),80 (mp)
52,0.1229166666666666 (~1/8),0.125 (1/8),80 (mp)
56,0.1229166666666666 (~1/8),0.125 (1/8),80 (mp)
62,0.1229166666666666 (~1/8),0.125 (1/8),80 (mp)
66,0.1229166666666666 (~1/8),0.125 (1/8),80 (mp)
69,0.1229166666666666 (~1/8),0.125 (1/8),80 (mp)
73,0.1229166666666666 (~1/8),0.125 (1/8),80 (mp)
57,0.1229166666666666 (~1/8),0.125 (1/8),80 (mp)
61,0.1229166666666666 (~1/8),0.125 (1/8),80 (mp)
64,0.1229166666666666 (~1/8),0.125 (1/8),80 (mp)
68,0.1229166666666666 (~1/8),0.125 (1/8),80 (mp)
74,0.1229166666666666 (~1/8),0.125 (1/8),80 (mp)
78,0.1229166666666666 (~1/8),0.125 (1/8),80 (mp)
81,0.1229166666666666 (~1/8),0.125 (1/8),80 (mp)
85,0.1229166666666666 (~1/8),0.125 (1/8),80 (mp)
81,0.1229166666666666 (~1/8),0.125 (1/8),80 (mp)
78,0.1229166666666666 (~1/8),0.125 (1/8),80 (mp)
77,0.5 (1/2),0.125 (1/8),80 (mp)
66,0.1229166666666666 (~1/8),0.125 (1/8),80 (mp)
69,0.1229166666666666 (~1/8),0.125 (1/8),80 (mp)
73,0.1229166666666666 (~1/8),0.125 (1/8),80 (mp)
77,2.75 (~9/8),0.125 (1/8),80 (mp)
81,0.1229166666666666 (~1/8),0.125 (1/8),80 (mp)
84,0.1229166666666666 (~1/8),0.125 (1/8),80 (mp)
88,0.1229166666666666 (~1/8),0.125 (1/8),80 (mp)
74,0.1229166666666666 (~1/8),0.125 (1/8),80 (mp)
78,0.1229166666666666 (~1/8),0.125 (1/8),80 (mp)
81,0.1229166666666666 (~1/8),0.125 (1/8),80 (mp)
85,0.1229166666666666 (~1/8),0.125 (1/8),80 (mp)
89,0.1229166666666666 (~1/8),0.125 (1/8),80 (mp)
93,0.1229166666666666 (~1/8),0.125 (1/8),80 (mp)
96,0.1229166666666666 (~1/8),0.125 (1/8),80 (mp)
100,0.1229166666666666 (~1/8),0.125 (1/8),80 (mp)
96,0.1229166666666666 (~1/8),0.125 (1/8),80 (mp)
93,0.1229166666666666 (~1/8),0.125 (1/8),80 (mp)
89,0.1229166666666666 (~1/8),0.125 (1/8),80 (mp)
85,0.1229166666666666 (~1/8),0.125 (1/8),80 (mp)
81,0.1229166666666666 (~1/8),0.125 (1/8),80 (mp)
78,0.1229166666666666 (~1/8),0.125 (1/8),80 (mp)
74,0.1229166666666666 (~1/8),0.125 (1/8),80 (mp)
88,0.1229166666666666 (~1/8),0.125 (1/8),80 (mp)
84,0.1229166666666666 (~1/8),0.125 (1/8),80 (mp)
81,0.1229166666666666 (~1/8),0.125 (1/8),80 (mp)
77,0.2479166666666666 (~1/4),0.125 (1/8),80 (mp)
73,0.1229166666666666 (~1/8),0.125 (1/8),80 (mp)
80,0.5 (1/2),0.125 (1/8),80 (mp)
69,0.1229166666666666 (~1/8),0.125 (1/8),80 (mp)
72,0.1229166666666666 (~1/8),0.125 (1/8),80 (mp)
76,0.1229166666666666 (~1/8),0.125 (1/8),80 (mp)
80,2.75 (~9/8),0.125 (1/8),80 (mp)
84,0.1229166666666666 (~1/8),0.125 (1/8),80 (mp)
87,0.1229166666666666 (~1/8),0.125 (1/8),80 (mp)
91,0.1229166666666666 (~1/8),0.125 (1/8),80 (mp)
77,0.1229166666666666 (~1/8),0.125 (1/8),80 (mp)
81,0.1229166666666666 (~1/8),0.125 (1/8),80 (mp)
84,0.1229166666666666 (~1/8),0.125 (1/8),80 (mp)
88,0.1229166666666666 (~1/8),0.125 (1/8),80 (mp)
92,0.1229166666666666 (~1/8),0.125 (1/8),80 (mp)
96,0.1229166666666666 (~1/8),0.125 (1/8),80 (mp)
99,0.1229166666666666 (~1/8),0.125 (1/8),80 (mp)
103,0.1229166666666666 (~1/8),0.125 (1/8),80 (mp)
99,0.1229166666666666 (~1/8),0.125 (1/8),80 (mp)
96,0.1229166666666666 (~1/8),0.125 (1/8),80 (mp)
92,0.1229166666666666 (~1/8),0.125 (1/8),80 (mp)
88,0.1229166666666666 (~1/8),0.125 (1/8),80 (mp)
84,0.1229166666666666 (~1/8),0.125 (1/8),80 (mp)
81,0.1229166666666666 (~1/8),0.125 (1/8),80 (mp)
77,0.1229166666666666 (~1/8),0.125 (1/8),80 (mp)
91,0.1229166666666666 (~1/8),0.125 (1/8),80 (mp)
87,0.1229166666666666 (~1/8),0.125 (1/8),80 (mp)
84,0.1229166666666666 (~1/8),0.125 (1/8),80 (mp)
80,0.2479166666666666 (~1/4),0.125 (1/8),80 (mp)
76,0.1229166666666666 (~1/8),0.125 (1/8),80 (mp)
73,0.5 (1/2),0.125 (1/8),80 (mp)
62,0.1229166666666666 (~1/8),0.125 (1/8),80 (mp)
65,0.1229166666666666 (~1/8),0.125 (1/8),80 (mp)
69,0.1229166666666666 (~1/8),0.125 (1/8),80 (mp)
73,2.75 (~9/8),0.125 (1/8),80 (mp)
77,0.1229166666666666 (~1/8),0.125 (1/8),80 (mp)
80,0.1229166666666666 (~1/8),0.125 (1/8),80 (mp)
84,0.1229166666666666 (~1/8),0.125 (1/8),80 (mp)
70,0.1229166666666666 (~1/8),0.125 (1/8),80 (mp)
74,0.1229166666666666 (~1/8),0.125 (1/8),80 (mp)
77,0.1229166666666666 (~1/8),0.125 (1/8),80 (mp)
81,0.1229166666666666 (~1/8),0.125 (1/8),80 (mp)
85,0.1229166666666666 (~1/8),0.125 (1/8),80 (mp)
89,0.1229166666666666 (~1/8),0.125 (1/8),80 (mp)
92,0.1229166666666666 (~1/8),0.125 (1/8),80 (mp)
96,0.1229166666666666 (~1/8),0.125 (1/8),80 (mp)
92,0.1229166666666666 (~1/8),0.125 (1/8),80 (mp)
89,0.1229166666666666 (~1/8),0.125 (1/8),80 (mp)
85,0.1229166666666666 (~1/8),0.125 (1/8),80 (mp)
81,0.1229166666666666 (~1/8),0.125 (1/8),80 (mp)
77,0.1229166666666666 (~1/8),0.125 (1/8),80 (mp)
74,0.1229166666666666 (~1/8),0.125 (1/8),80 (mp)
70,0.1229166666666666 (~1/8),0.125 (1/8),80 (mp)
84,0.1229166666666666 (~1/8),0.125 (1/8),80 (mp)
80,0.1229166666666666 (~1/8),0.125 (1/8),80 (mp)
77,0.1229166666666666 (~1/8),0.125 (1/8),80 (mp)
73,0.2479166666666666 (~1/4),0.125 (1/8),80 (mp)
69,0.1229166666666666 (~1/8),0.125 (1/8),80 (mp)
84,0.875 (7/8),0.125 (1/8),80 (mp)
62,0.1229166666666666 (~1/8),0.125 (1/8),80 (mp)
65,0.1229166666666666 (~1/8),0.125 (1/8),80 (mp)
69,0.1229166666666666 (~1/8),0.125 (1/8),80 (mp)
73,0.1229166666666666 (~1/8),0.125 (1/8),80 (mp)
77,0.1229166666666666 (~1/8),0.125 (1/8),80 (mp)
80,0.1229166666666666 (~1/8),0.125 (1/8),80 (mp)
84,2.0 (~9/8),0.125 (1/8),80 (mp)
70,0.1229166666666666 (~1/8),0.125 (1/8),80 (mp)
74,0.1229166666666666 (~1/8),0.125 (1/8),80 (mp)
77,0.1229166666666666 (~1/8),0.125 (1/8),80 (mp)
81,0.1229166666666666 (~1/8),0.125 (1/8),80 (mp)
85,0.1229166666666666 (~1/8),0.125 (1/8),80 (mp)
89,0.1229166666666666 (~1/8),0.125 (1/8),80 (mp)
92,0.1229166666666666 (~1/8),0.125 (1/8),80 (mp)
96,0.1229166666666666 (~1/8),0.125 (1/8),80 (mp)
92,0.1229166666666666 (~1/8),0.125 (1/8),80 (mp)
89,0.1229166666666666 (~1/8),0.125 (1/8),80 (mp)
85,0.1229166666666666 (~1/8),0.125 (1/8),80 (mp)
81,0.1229166666666666 (~1/8),0.125 (1/8),80 (mp)
77,0.1229166666666666 (~1/8),0.125 (1/8),80 (mp)
74,0.1229166666666666 (~1/8),0.125 (1/8),80 (mp)
70,0.1229166666666666 (~1/8),0.125 (1/8),80 (mp)
84,0.1229166666666666 (~1/8),0.25 (1/4),80 (mp)
77,0.1229166666666666 (~1/8),0.125 (1/8),80 (mp)
73,0.1229166666666666 (~1/8),0.125 (1/8),80 (mp)
69,0.1229166666666666 (~1/8),0.125 (1/8),80 (mp)
72,0.5 (1/2),0.125 (1/8),80 (mp)
57,0.1229166666666666 (~1/8),0.125 (1/8),80 (mp)
60,0.1229166666666666 (~1/8),0.125 (1/8),80 (mp)
64,0.1229166666666666 (~1/8),0.125 (1/8),80 (mp)
72,0.75 (3/4),0.125 (1/8),80 (mp)
76,0.1229166666666666 (~1/8),0.125 (1/8),80 (mp)
79,0.1229166666666666 (~1/8),0.125 (1/8),80 (mp)
83,0.1229166666666666 (~1/8),0.125 (1/8),80 (mp)
65,0.1229166666666666 (~1/8),0.125 (1/8),80 (mp)
69,0.1229166666666666 (~1/8),0.125 (1/8),80 (mp)
72,1.25 (~9/8),0.125 (1/8),80 (mp)
76,0.1229166666666666 (~1/8),0.125 (1/8),80 (mp)
84,0.1229166666666666 (~1/8),0.125 (1/8),80 (mp)
88,0.1229166666666666 (~1/8),0.125 (1/8),80 (mp)
91,0.1229166666666666 (~1/8),0.125 (1/8),80 (mp)
95,0.1229166666666666 (~1/8),0.125 (1/8),80 (mp)
91,0.1229166666666666 (~1/8),0.125 (1/8),80 (mp)
88,0.1229166666666666 (~1/8),0.125 (1/8),80 (mp)
84,0.1229166666666666 (~1/8),0.125 (1/8),80 (mp)
76,0.1229166666666666 (~1/8),0.125 (1/8),80 (mp)
72,0.75 (3/4),0.125 (1/8),80 (mp)
69,0.1229166666666666 (~1/8),0.125 (1/8),80 (mp)
65,0.1229166666666666 (~1/8),0.125 (1/8),80 (mp)
83,0.1229166666666666 (~1/8),0.125 (1/8),80 (mp)
79,0.1229166666666666 (~1/8),0.125 (1/8),80 (mp)
76,0.1229166666666666 (~1/8),0.125 (1/8),80 (mp)
72,0.2479166666666666 (~1/4),0.125 (1/8),80 (mp)
64,0.1229166666666666 (~1/8),0.125 (1/8),80 (mp)
83,0.875 (7/8),0.125 (1/8),80 (mp)
57,0.1229166666666666 (~1/8),0.125 (1/8),80 (mp)
60,0.1229166666666666 (~1/8),0.125 (1/8),80 (mp)
64,0.1229166666666666 (~1/8),0.125 (1/8),80 (mp)
72,0.1229166666666666 (~1/8),0.125 (1/8),80 (mp)
76,0.1229166666666666 (~1/8),0.125 (1/8),80 (mp)
79,0.1229166666666666 (~1/8),0.125 (1/8),80 (mp)
83,2.0 (~9/8),0.125 (1/8),80 (mp)
65,0.1229166666666666 (~1/8),0.125 (1/8),80 (mp)
69,0.1229166666666666 (~1/8),0.125 (1/8),80 (mp)
72,0.1229166666666666 (~1/8),0.125 (1/8),80 (mp)
76,0.1229166666666666 (~1/8),0.125 (1/8),80 (mp)
84,0.1229166666666666 (~1/8),0.125 (1/8),80 (mp)
88,0.1229166666666666 (~1/8),0.125 (1/8),80 (mp)
91,0.1229166666666666 (~1/8),0.125 (1/8),80 (mp)
95,0.1229166666666666 (~1/8),0.125 (1/8),80 (mp)
91,0.1229166666666666 (~1/8),0.125 (1/8),80 (mp)
88,0.1229166666666666 (~1/8),0.125 (1/8),80 (mp)
84,0.1229166666666666 (~1/8),0.125 (1/8),80 (mp)
76,0.1229166666666666 (~1/8),0.125 (1/8),80 (mp)
72,0.1229166666666666 (~1/8),0.125 (1/8),80 (mp)
69,0.1229166666666666 (~1/8),0.125 (1/8),80 (mp)
65,0.1229166666666666 (~1/8),0.125 (1/8),80 (mp)
83,0.1229166666666666 (~1/8),0.25 (1/4),80 (mp)
76,0.1229166666666666 (~1/8),0.125 (1/8),80 (mp)
72,0.1229166666666666 (~1/8),0.125 (1/8),80 (mp)
64,0.1229166666666666 (~1/8),0.125 (1/8),80 (mp)
69,0.625 (~3/4),0.125 (1/8),80 (mp)
54,0.1229166666666666 (~1/8),0.125 (1/8),80 (mp)
57,0.1229166666666666 (~1/8),0.125 (1/8),80 (mp)
61,0.1229166666666666 (~1/8),0.125 (1/8),80 (mp)
65,0.1229166666666666 (~1/8),0.125 (1/8),80 (mp)
69,0.625 (~3/4),0.125 (1/8),80 (mp)
72,0.1229166666666666 (~1/8),0.125 (1/8),80 (mp)
76,0.1229166666666666 (~1/8),0.125 (1/8),80 (mp)
62,0.1229166666666666 (~1/8),0.125 (1/8),80 (mp)
66,0.1229166666666666 (~1/8),0.125 (1/8),80 (mp)
69,1.25 (~9/8),0.125 (1/8),80 (mp)
73,0.1229166666666666 (~1/8),0.125 (1/8),80 (mp)
77,0.1229166666666666 (~1/8),0.125 (1/8),80 (mp)
81,0.1229166666666666 (~1/8),0.125 (1/8),80 (mp)
84,0.1229166666666666 (~1/8),0.125 (1/8),80 (mp)
88,0.1229166666666666 (~1/8),0.125 (1/8),80 (mp)
84,0.1229166666666666 (~1/8),0.125 (1/8),80 (mp)
81,0.1229166666666666 (~1/8),0.125 (1/8),80 (mp)
77,0.1229166666666666 (~1/8),0.125 (1/8),80 (mp)
73,0.1229166666666666 (~1/8),0.125 (1/8),80 (mp)
69,0.625 (~3/4),0.125 (1/8),80 (mp)
66,0.1229166666666666 (~1/8),0.125 (1/8),80 (mp)
62,0.1229166666666666 (~1/8),0.125 (1/8),80 (mp)
76,0.1229166666666666 (~1/8),0.125 (1/8),80 (mp)
72,0.1229166666666666 (~1/8),0.125 (1/8),80 (mp)
69,0.3729166666666667 (~1/4),0.125 (1/8),80 (mp)
65,0.1229166666666666 (~1/8),0.125 (1/8),80 (mp)
61,0.1229166666666666 (~1/8),0.125 (1/8),80 (mp)
76,0.875 (7/8),0.125 (1/8),80 (mp)
54,0.1229166666666666 (~1/8),0.125 (1/8),80 (mp)
57,0.1229166666666666 (~1/8),0.125 (1/8),80 (mp)
61,0.1229166666666666 (~1/8),0.125 (1/8),80 (mp)
65,0.1229166666666666 (~1/8),0.125 (1/8),80 (mp)
69,0.1229166666666666 (~1/8),0.125 (1/8),80 (mp)
72,0.1229166666666666 (~1/8),0.125 (1/8),80 (mp)
76,2.0 (~9/8),0.125 (1/8),80 (mp)
62,0.1229166666666666 (~1/8),0.125 (1/8),80 (mp)
66,0.1229166666666666 (~1/8),0.125 (1/8),80 (mp)
69,0.1229166666666666 (~1/8),0.125 (1/8),80 (mp)
73,0.1229166666666666 (~1/8),0.125 (1/8),80 (mp)
77,0.1229166666666666 (~1/8),0.125 (1/8),80 (mp)
81,0.1229166666666666 (~1/8),0.125 (1/8),80 (mp)
84,0.1229166666666666 (~1/8),0.125 (1/8),80 (mp)
88,0.1229166666666666 (~1/8),0.125 (1/8),80 (mp)
84,0.1229166666666666 (~1/8),0.125 (1/8),80 (mp)
81,0.1229166666666666 (~1/8),0.125 (1/8),80 (mp)
77,0.1229166666666666 (~1/8),0.125 (1/8),80 (mp)
73,0.1229166666666666 (~1/8),0.125 (1/8),80 (mp)
69,0.1229166666666666 (~1/8),0.125 (1/8),80 (mp)
66,0.1229166666666666 (~1/8),0.125 (1/8),80 (mp)
62,0.1229166666666666 (~1/8),0.125 (1/8),80 (mp)
76,0.1229166666666666 (~1/8),0.125 (1/8),80 (mp)
72,0.1229166666666666 (~1/8),0.125 (1/8),80 (mp)
69,0.1229166666666666 (~1/8),0.125 (1/8),80 (mp)
65,0.2479166666666666 (~1/4),0.125 (1/8),80 (mp)
61,0.6229166666666666 (~1/2),0.25 (1/4),80 (mp)
50,0.1229166666666666 (~1/8),0.125 (1/8),80 (mp)
53,0.1229166666666666 (~1/8),0.125 (1/8),80 (mp)
57,0.1229166666666666 (~1/8),0.125 (1/8),80 (mp)
61,2.75 (~9/8),0.125 (1/8),80 (mp)
65,0.1229166666666666 (~1/8),0.125 (1/8),80 (mp)
68,0.1229166666666666 (~1/8),0.125 (1/8),80 (mp)
72,0.1229166666666666 (~1/8),0.125 (1/8),80 (mp)
58,0.1229166666666666 (~1/8),0.125 (1/8),80 (mp)
62,0.1229166666666666 (~1/8),0.125 (1/8),80 (mp)
65,0.1229166666666666 (~1/8),0.125 (1/8),80 (mp)
69,0.1229166666666666 (~1/8),0.125 (1/8),80 (mp)
73,0.1229166666666666 (~1/8),0.125 (1/8),80 (mp)
77,0.1229166666666666 (~1/8),0.125 (1/8),80 (mp)
80,0.1229166666666666 (~1/8),0.125 (1/8),80 (mp)
84,0.1229166666666666 (~1/8),0.125 (1/8),80 (mp)
80,0.1229166666666666 (~1/8),0.125 (1/8),80 (mp)
77,0.1229166666666666 (~1/8),0.125 (1/8),80 (mp)
73,0.1229166666666666 (~1/8),0.125 (1/8),80 (mp)
69,0.1229166666666666 (~1/8),0.125 (1/8),80 (mp)
65,0.1229166666666666 (~1/8),0.125 (1/8),80 (mp)
62,0.1229166666666666 (~1/8),0.125 (1/8),80 (mp)
58,0.1229166666666666 (~1/8),0.125 (1/8),80 (mp)
72,0.1229166666666666 (~1/8),0.125 (1/8),80 (mp)
68,0.1229166666666666 (~1/8),0.125 (1/8),80 (mp)
65,0.1229166666666666 (~1/8),0.125 (1/8),80 (mp)
61,0.2479166666666666 (~1/4),0.125 (1/8),80 (mp)
57,0.1229166666666666 (~1/8),0.125 (1/8),80 (mp)
72,0.875 (7/8),0.125 (1/8),80 (mp)
50,0.1229166666666666 (~1/8),0.125 (1/8),80 (mp)
53,0.1229166666666666 (~1/8),0.125 (1/8),80 (mp)
57,0.1229166666666666 (~1/8),0.125 (1/8),80 (mp)
61,0.1229166666666666 (~1/8),0.125 (1/8),80 (mp)
65,0.1229166666666666 (~1/8),0.125 (1/8),80 (mp)
68,0.1229166666666666 (~1/8),0.125 (1/8),80 (mp)
72,2.0 (~9/8),0.125 (1/8),80 (mp)
58,0.1229166666666666 (~1/8),0.125 (1/8),80 (mp)
62,0.1229166666666666 (~1/8),0.125 (1/8),80 (mp)
65,0.1229166666666666 (~1/8),0.125 (1/8),80 (mp)
69,0.1229166666666666 (~1/8),0.125 (1/8),80 (mp)
73,0.1229166666666666 (~1/8),0.125 (1/8),80 (mp)
77,0.1229166666666666 (~1/8),0.125 (1/8),80 (mp)
80,0.1229166666666666 (~1/8),0.125 (1/8),80 (mp)
84,0.1229166666666666 (~1/8),0.125 (1/8),80 (mp)
80,0.1229166666666666 (~1/8),0.125 (1/8),80 (mp)
77,0.1229166666666666 (~1/8),0.125 (1/8),80 (mp)
73,0.1229166666666666 (~1/8),0.125 (1/8),80 (mp)
69,0.1229166666666666 (~1/8),0.125 (1/8),80 (mp)
65,0.1229166666666666 (~1/8),0.125 (1/8),80 (mp)
62,0.1229166666666666 (~1/8),0.125 (1/8),80 (mp)
58,0.1229166666666666 (~1/8),0.125 (1/8),80 (mp)
72,0.1229166666666666 (~1/8),0.25 (1/4),80 (mp)
65,0.1229166666666666 (~1/8),0.125 (1/8),80 (mp)
61,0.1229166666666666 (~1/8),0.125 (1/8),80 (mp)
57,0.1229166666666666 (~1/8),0.125 (1/8),80 (mp)
60,0.75 (3/4),0.125 (1/8),80 (mp)
42,0.1229166666666666 (~1/8),0.125 (1/8),80 (mp)
45,0.1229166666666666 (~1/8),0.125 (1/8),80 (mp)
49,0.1229166666666666 (~1/8),0.125 (1/8),80 (mp)
53,0.1229166666666666 (~1/8),0.125 (1/8),80 (mp)
57,0.1229166666666666 (~1/8),0.125 (1/8),80 (mp)
60,2.25 (~9/8),0.125 (1/8),80 (mp)
64,0.1229166666666666 (~1/8),0.125 (1/8),80 (mp)
50,0.1229166666666666 (~1/8),0.125 (1/8),80 (mp)
54,0.1229166666666666 (~1/8),0.125 (1/8),80 (mp)
57,0.1229166666666666 (~1/8),0.125 (1/8),80 (mp)
61,0.1229166666666666 (~1/8),0.125 (1/8),80 (mp)
65,0.1229166666666666 (~1/8),0.125 (1/8),80 (mp)
69,0.1229166666666666 (~1/8),0.125 (1/8),80 (mp)
72,0.1229166666666666 (~1/8),0.125 (1/8),80 (mp)
76,0.1229166666666666 (~1/8),0.125 (1/8),80 (mp)
72,0.1229166666666666 (~1/8),0.125 (1/8),80 (mp)
69,0.1229166666666666 (~1/8),0.125 (1/8),80 (mp)
65,0.1229166666666666 (~1/8),0.125 (1/8),80 (mp)
61,0.1229166666666666 (~1/8),0.125 (1/8),80 (mp)
57,0.1229166666666666 (~1/8),0.125 (1/8),80 (mp)
54,0.1229166666666666 (~1/8),0.125 (1/8),80 (mp)
50,0.1229166666666666 (~1/8),0.125 (1/8),80 (mp)
64,0.1229166666666666 (~1/8),0.125 (1/8),80 (mp)
60,0.4979166666666667 (~1/2),0.125 (1/8),80 (mp)
57,0.1229166666666666 (~1/8),0.125 (1/8),80 (mp)
53,0.1229166666666666 (~1/8),0.125 (1/8),80 (mp)
49,0.1229166666666666 (~1/8),0.125 (1/8),80 (mp)
64,0.875 (7/8),0.125 (1/8),80 (mp)
42,0.1229166666666666 (~1/8),0.125 (1/8),80 (mp)
45,0.1229166666666666 (~1/8),0.125 (1/8),80 (mp)
49,0.1229166666666666 (~1/8),0.125 (1/8),80 (mp)
53,0.1229166666666666 (~1/8),0.125 (1/8),80 (mp)
57,0.1229166666666666 (~1/8),0.125 (1/8),80 (mp)
60,0.1229166666666666 (~1/8),0.125 (1/8),80 (mp)
64,2.0 (~9/8),0.125 (1/8),80 (mp)
50,0.1229166666666666 (~1/8),0.125 (1/8),80 (mp)
54,0.1229166666666666 (~1/8),0.125 (1/8),80 (mp)
57,0.1229166666666666 (~1/8),0.125 (1/8),80 (mp)
61,0.1229166666666666 (~1/8),0.125 (1/8),80 (mp)
65,0.1229166666666666 (~1/8),0.125 (1/8),80 (mp)
69,0.1229166666666666 (~1/8),0.125 (1/8),80 (mp)
72,0.1229166666666666 (~1/8),0.125 (1/8),80 (mp)
76,0.1229166666666666 (~1/8),0.125 (1/8),80 (mp)
72,0.1229166666666666 (~1/8),0.125 (1/8),80 (mp)
69,0.1229166666666666 (~1/8),0.125 (1/8),80 (mp)
65,0.1229166666666666 (~1/8),0.125 (1/8),80 (mp)
61,0.1229166666666666 (~1/8),0.125 (1/8),80 (mp)
57,0.1229166666666666 (~1/8),0.125 (1/8),80 (mp)
54,0.1229166666666666 (~1/8),0.125 (1/8),80 (mp)
50,0.1229166666666666 (~1/8),0.125 (1/8),80 (mp)
64,0.6229166666666667 (~1/2),0.125 (1/8),80 (mp)
60,0.1229166666666666 (~1/8),0.125 (1/8),80 (mp)
57,0.1229166666666666 (~1/8),0.125 (1/8),80 (mp)
53,0.1229166666666666 (~1/8),0.125 (1/8),80 (mp)
49,0.1229166666666666 (~1/8),0.125 (1/8),80 (mp)
57,0.5 (1/2),0.125 (1/8),80 (mp)
46,0.1229166666666666 (~1/8),0.125 (1/8),80 (mp)
49,0.1229166666666666 (~1/8),0.125 (1/8),80 (mp)
53,0.1229166666666666 (~1/8),0.125 (1/8),80 (mp)
57,2.75 (~9/8),0.125 (1/8),80 (mp)
61,0.1229166666666666 (~1/8),0.125 (1/8),80 (mp)
64,0.1229166666666666 (~1/8),0.125 (1/8),80 (mp)
68,0.1229166666666666 (~1/8),0.125 (1/8),80 (mp)
54,0.1229166666666666 (~1/8),0.125 (1/8),80 (mp)
58,0.1229166666666666 (~1/8),0.125 (1/8),80 (mp)
61,0.1229166666666666 (~1/8),0.125 (1/8),80 (mp)
65,0.1229166666666666 (~1/8),0.125 (1/8),80 (mp)
69,0.1229166666666666 (~1/8),0.125 (1/8),80 (mp)
73,0.1229166666666666 (~1/8),0.125 (1/8),80 (mp)
76,0.1229166666666666 (~1/8),0.125 (1/8),80 (mp)
80,0.1229166666666666 (~1/8),0.125 (1/8),80 (mp)
76,0.1229166666666666 (~1/8),0.125 (1/8),80 (mp)
73,0.1229166666666666 (~1/8),0.125 (1/8),80 (mp)
69,0.1229166666666666 (~1/8),0.125 (1/8),80 (mp)
65,0.1229166666666666 (~1/8),0.125 (1/8),80 (mp)
61,0.1229166666666666 (~1/8),0.125 (1/8),80 (mp)
58,0.1229166666666666 (~1/8),0.125 (1/8),80 (mp)
54,0.1229166666666666 (~1/8),0.125 (1/8),80 (mp)
68,0.1229166666666666 (~1/8),0.125 (1/8),80 (mp)
64,0.1229166666666666 (~1/8),0.125 (1/8),80 (mp)
61,0.1229166666666666 (~1/8),0.125 (1/8),80 (mp)
57,0.2479166666666666 (~1/4),0.125 (1/8),80 (mp)
53,0.1229166666666666 (~1/8),0.125 (1/8),80 (mp)
68,0.875 (7/8),0.125 (1/8),49 (ppp)
46,0.1229166666666666 (~1/8),0.125 (1/8),49 (ppp)
49,0.1229166666666666 (~1/8),0.125 (1/8),49 (ppp)
53,0.1229166666666666 (~1/8),0.125 (1/8),49 (ppp)
57,0.1229166666666666 (~1/8),0.125 (1/8),49 (ppp)
61,0.1229166666666666 (~1/8),0.125 (1/8),49 (ppp)
64,0.1229166666666666 (~1/8),0.125 (1/8),49 (ppp)
68,2.0 (~9/8),0.125 (1/8),49 (ppp)
54,0.1229166666666666 (~1/8),0.125 (1/8),49 (ppp)
58,0.1229166666666666 (~1/8),0.125 (1/8),49 (ppp)
61,0.1229166666666666 (~1/8),0.125 (1/8),49 (ppp)
65,0.1229166666666666 (~1/8),0.125 (1/8),49 (ppp)
69,0.1229166666666666 (~1/8),0.125 (1/8),49 (ppp)
73,0.1229166666666666 (~1/8),0.125 (1/8),49 (ppp)
76,0.1229166666666666 (~1/8),0.125 (1/8),49 (ppp)
80,0.1229166666666666 (~1/8),0.125 (1/8),49 (ppp)
76,0.1229166666666666 (~1/8),0.125 (1/8),49 (ppp)
73,0.1229166666666666 (~1/8),0.125 (1/8),49 (ppp)
69,0.1229166666666666 (~1/8),0.125 (1/8),49 (ppp)
65,0.1229166666666666 (~1/8),0.125 (1/8),49 (ppp)
61,0.1229166666666666 (~1/8),0.125 (1/8),49 (ppp)
58,0.1229166666666666 (~1/8),0.125 (1/8),49 (ppp)
54,0.1229166666666666 (~1/8),0.125 (1/8),49 (ppp)
68,0.1229166666666666 (~1/8),0.25 (1/4),49 (ppp)
61,0.1229166666666666 (~1/8),0.125 (1/8),49 (ppp)
57,0.1229166666666666 (~1/8),0.125 (1/8),49 (ppp)
53,0.1229166666666666 (~1/8),0.125 (1/8),49 (ppp)
57,0.5 (1/2),0.125 (1/8),49 (ppp)
45,0.1229166666666666 (~1/8),0.125 (1/8),49 (ppp)
48,0.1229166666666666 (~1/8),0.125 (1/8),49 (ppp)
52,0.1229166666666666 (~1/8),0.125 (1/8),49 (ppp)
57,0.625 (~3/4),0.125 (1/8),49 (ppp)
61,0.1229166666666666 (~1/8),0.125 (1/8),49 (ppp)
64,0.1229166666666666 (~1/8),0.125 (1/8),49 (ppp)
68,0.1229166666666666 (~1/8),0.125 (1/8),49 (ppp)
53,0.1229166666666666 (~1/8),0.125 (1/8),49 (ppp)
57,1.5 (~9/8),0.125 (1/8),49 (ppp)
60,0.1229166666666666 (~1/8),0.125 (1/8),49 (ppp)
64,0.1229166666666666 (~1/8),0.125 (1/8),49 (ppp)
69,0.1229166666666666 (~1/8),0.125 (1/8),49 (ppp)
73,0.1229166666666666 (~1/8),0.125 (1/8),49 (ppp)
76,0.1229166666666666 (~1/8),0.125 (1/8),49 (ppp)
80,0.1229166666666666 (~1/8),0.125 (1/8),49 (ppp)
76,0.1229166666666666 (~1/8),0.125 (1/8),49 (ppp)
73,0.1229166666666666 (~1/8),0.125 (1/8),49 (ppp)
69,0.1229166666666666 (~1/8),0.125 (1/8),49 (ppp)
64,0.1229166666666666 (~1/8),0.125 (1/8),49 (ppp)
60,0.1229166666666666 (~1/8),0.125 (1/8),49 (ppp)
57,0.625 (~3/4),0.125 (1/8),49 (ppp)
53,0.1229166666666666 (~1/8),0.125 (1/8),49 (ppp)
68,0.1229166666666666 (~1/8),0.125 (1/8),49 (ppp)
64,0.1229166666666666 (~1/8),0.125 (1/8),49 (ppp)
61,0.1229166666666666 (~1/8),0.125 (1/8),49 (ppp)
57,0.2479166666666666 (~1/4),0.125 (1/8),49 (ppp)
52,0.1229166666666666 (~1/8),0.125 (1/8),49 (ppp)
71,2.997916666666667 (~9/8),0.125 (1/8),49 (ppp)
45,0.1229166666666666 (~1/8),0.125 (1/8),49 (ppp)
48,0.1229166666666666 (~1/8),0.125 (1/8),49 (ppp)
52,0.1229166666666666 (~1/8),0.125 (1/8),49 (ppp)
57,0.1229166666666666 (~1/8),0.125 (1/8),49 (ppp)
61,0.1229166666666666 (~1/8),0.125 (1/8),49 (ppp)
64,0.1229166666666666 (~1/8),0.125 (1/8),49 (ppp)
68,0.1229166666666666 (~1/8),0.125 (1/8),49 (ppp)
53,0.1229166666666666 (~1/8),0.125 (1/8),49 (ppp)
57,0.1229166666666666 (~1/8),0.125 (1/8),49 (ppp)
60,0.1229166666666666 (~1/8),0.125 (1/8),49 (ppp)
64,0.1229166666666666 (~1/8),0.125 (1/8),49 (ppp)
69,0.1229166666666666 (~1/8),0.125 (1/8),49 (ppp)
73,0.1229166666666666 (~1/8),0.125 (1/8),49 (ppp)
76,0.1229166666666666 (~1/8),0.125 (1/8),49 (ppp)
80,0.1229166666666666 (~1/8),0.125 (1/8),49 (ppp)
76,0.1229166666666666 (~1/8),0.125 (1/8),49 (ppp)
73,0.1229166666666666 (~1/8),0.125 (1/8),49 (ppp)
69,0.1229166666666666 (~1/8),0.125 (1/8),49 (ppp)
64,0.1229166666666666 (~1/8),0.125 (1/8),49 (ppp)
60,0.1229166666666666 (~1/8),0.125 (1/8),49 (ppp)
57,0.1229166666666666 (~1/8),0.125 (1/8),49 (ppp)
53,0.1229166666666666 (~1/8),0.125 (1/8),49 (ppp)
68,0.1229166666666666 (~1/8),0.125 (1/8),49 (ppp)
67,0.4979166666666667 (~1/2),0.125 (1/8),49 (ppp)
61,0.1229166666666666 (~1/8),0.125 (1/8),49 (ppp)
57,0.1229166666666666 (~1/8),0.125 (1/8),49 (ppp)
52,0.1229166666666666 (~1/8),0.125 (1/8),49 (ppp)
55,0.5 (1/2),0.125 (1/8),49 (ppp)
43,0.1229166666666666 (~1/8),0.125 (1/8),49 (ppp)
46,0.1229166666666666 (~1/8),0.125 (1/8),49 (ppp)
50,0.1229166666666666 (~1/8),0.125 (1/8),49 (ppp)
55,0.625 (~3/4),0.125 (1/8),49 (ppp)
59,0.1229166666666666 (~1/8),0.125 (1/8),49 (ppp)
62,0.1229166666666666 (~1/8),0.125 (1/8),49 (ppp)
66,0.1229166666666666 (~1/8),0.125 (1/8),49 (ppp)
51,0.1229166666666666 (~1/8),0.125 (1/8),49 (ppp)
55,1.5 (~9/8),0.125 (1/8),49 (ppp)
58,0.1229166666666666 (~1/8),0.125 (1/8),49 (ppp)
62,0.1229166666666666 (~1/8),0.125 (1/8),49 (ppp)
67,0.1229166666666666 (~1/8),0.125 (1/8),49 (ppp)
71,0.1229166666666666 (~1/8),0.125 (1/8),49 (ppp)
74,0.1229166666666666 (~1/8),0.125 (1/8),49 (ppp)
78,0.1229166666666666 (~1/8),0.125 (1/8),49 (ppp)
74,0.1229166666666666 (~1/8),0.125 (1/8),49 (ppp)
71,0.1229166666666666 (~1/8),0.125 (1/8),49 (ppp)
67,0.1229166666666666 (~1/8),0.125 (1/8),49 (ppp)
62,0.1229166666666666 (~1/8),0.125 (1/8),49 (ppp)
58,0.1229166666666666 (~1/8),0.125 (1/8),49 (ppp)
55,0.625 (~3/4),0.125 (1/8),49 (ppp)
51,0.1229166666666666 (~1/8),0.125 (1/8),49 (ppp)
66,0.1229166666666666 (~1/8),0.125 (1/8),49 (ppp)
62,0.1229166666666666 (~1/8),0.125 (1/8),49 (ppp)
59,0.1229166666666666 (~1/8),0.125 (1/8),49 (ppp)
55,0.2479166666666666 (~1/4),0.125 (1/8),49 (ppp)
50,0.1229166666666666 (~1/8),0.125 (1/8),49 (ppp)
65,3.497916666666667 (~9/8),0.125 (1/8),49 (ppp)
43,0.1229166666666666 (~1/8),0.125 (1/8),49 (ppp)
46,0.1229166666666666 (~1/8),0.125 (1/8),49 (ppp)
50,0.1229166666666666 (~1/8),0.125 (1/8),49 (ppp)
55,0.1229166666666666 (~1/8),0.125 (1/8),49 (ppp)
59,0.1229166666666666 (~1/8),0.125 (1/8),49 (ppp)
62,0.1229166666666666 (~1/8),0.125 (1/8),49 (ppp)
66,0.1229166666666666 (~1/8),0.125 (1/8),49 (ppp)
51,0.1229166666666666 (~1/8),0.125 (1/8),49 (ppp)
55,0.1229166666666666 (~1/8),0.125 (1/8),49 (ppp)
58,0.1229166666666666 (~1/8),0.125 (1/8),49 (ppp)
62,0.1229166666666666 (~1/8),0.125 (1/8),49 (ppp)
67,0.1229166666666666 (~1/8),0.125 (1/8),49 (ppp)
71,0.1229166666666666 (~1/8),0.125 (1/8),49 (ppp)
74,0.1229166666666666 (~1/8),0.125 (1/8),49 (ppp)
78,0.1229166666666666 (~1/8),0.125 (1/8),49 (ppp)
74,0.1229166666666666 (~1/8),0.125 (1/8),49 (ppp)
71,0.1229166666666666 (~1/8),0.125 (1/8),49 (ppp)
67,0.1229166666666666 (~1/8),0.125 (1/8),49 (ppp)
62,0.1229166666666666 (~1/8),0.125 (1/8),49 (ppp)
58,0.1229166666666666 (~1/8),0.125 (1/8),49 (ppp)
55,0.1229166666666666 (~1/8),0.125 (1/8),49 (ppp)
51,0.1229166666666666 (~1/8),0.125 (1/8),49 (ppp)
66,0.1229166666666666 (~1/8),0.125 (1/8),49 (ppp)
62,0.1229166666666666 (~1/8),0.125 (1/8),49 (ppp)
59,0.1229166666666666 (~1/8),0.125 (1/8),49 (ppp)
55,0.1229166666666666 (~1/8),0.125 (1/8),49 (ppp)
50,0.1229166666666666 (~1/8),0.125 (1/8),49 (ppp)
54,0.5 (1/2),0.125 (1/8),49 (ppp)
42,0.1229166666666666 (~1/8),0.125 (1/8),49 (ppp)
45,0.1229166666666666 (~1/8),0.125 (1/8),49 (ppp)
49,0.1229166666666666 (~1/8),0.125 (1/8),49 (ppp)
54,0.625 (~3/4),0.125 (1/8),49 (ppp)
58,0.1229166666666666 (~1/8),0.125 (1/8),49 (ppp)
61,0.1229166666666666 (~1/8),0.125 (1/8),49 (ppp)
65,0.1229166666666666 (~1/8),0.125 (1/8),49 (ppp)
50,0.1229166666666666 (~1/8),0.125 (1/8),49 (ppp)
54,1.5 (~9/8),0.125 (1/8),49 (ppp)
57,0.1229166666666666 (~1/8),0.125 (1/8),49 (ppp)
61,0.1229166666666666 (~1/8),0.125 (1/8),49 (ppp)
66,0.1229166666666666 (~1/8),0.125 (1/8),49 (ppp)
70,0.1229166666666666 (~1/8),0.125 (1/8),49 (ppp)
73,0.1229166666666666 (~1/8),0.125 (1/8),49 (ppp)
77,0.1229166666666666 (~1/8),0.125 (1/8),49 (ppp)
73,0.1229166666666666 (~1/8),0.125 (1/8),49 (ppp)
70,0.1229166666666666 (~1/8),0.125 (1/8),49 (ppp)
66,0.1229166666666666 (~1/8),0.125 (1/8),49 (ppp)
61,0.1229166666666666 (~1/8),0.125 (1/8),49 (ppp)
57,0.1229166666666666 (~1/8),0.125 (1/8),49 (ppp)
54,0.625 (~3/4),0.125 (1/8),49 (ppp)
50,0.1229166666666666 (~1/8),0.125 (1/8),49 (ppp)
65,0.1229166666666666 (~1/8),0.125 (1/8),49 (ppp)
60,0.1229166666666666 (~1/8),0.125 (1/8),49 (ppp)
58,0.1229166666666666 (~1/8),0.125 (1/8),49 (ppp)
54,0.2479166666666666 (~1/4),0.125 (1/8),49 (ppp)
49,0.1229166666666666 (~1/8),0.125 (1/8),49 (ppp)
56,0.75 (3/4),0.125 (1/8),49 (ppp)
38,0.1229166666666666 (~1/8),0.125 (1/8),49 (ppp)
41,0.1229166666666666 (~1/8),0.125 (1/8),49 (ppp)
45,0.1229166666666666 (~1/8),0.125 (1/8),49 (ppp)
49,0.1229166666666666 (~1/8),0.125 (1/8),49 (ppp)
53,0.1229166666666666 (~1/8),0.125 (1/8),49 (ppp)
56,2.25 (~9/8),0.125 (1/8),49 (ppp)
60,0.1229166666666666 (~1/8),0.125 (1/8),49 (ppp)
46,0.1229166666666666 (~1/8),0.125 (1/8),49 (ppp)
50,0.1229166666666666 (~1/8),0.125 (1/8),49 (ppp)
53,0.1229166666666666 (~1/8),0.125 (1/8),49 (ppp)
57,0.1229166666666666 (~1/8),0.125 (1/8),49 (ppp)
61,0.1229166666666666 (~1/8),0.125 (1/8),49 (ppp)
65,0.1229166666666666 (~1/8),0.125 (1/8),49 (ppp)
68,0.1229166666666666 (~1/8),0.125 (1/8),49 (ppp)
72,0.1229166666666666 (~1/8),0.125 (1/8),49 (ppp)
68,0.1229166666666666 (~1/8),0.125 (1/8),49 (ppp)
65,0.1229166666666666 (~1/8),0.125 (1/8),49 (ppp)
61,0.1229166666666666 (~1/8),0.125 (1/8),49 (ppp)
57,0.1229166666666666 (~1/8),0.125 (1/8),49 (ppp)
53,0.1229166666666666 (~1/8),0.125 (1/8),49 (ppp)
50,0.1229166666666666 (~1/8),0.125 (1/8),49 (ppp)
46,0.1229166666666666 (~1/8),0.125 (1/8),49 (ppp)
60,0.1229166666666666 (~1/8),0.125 (1/8),49 (ppp)
56,0.4979166666666667 (~1/2),0.125 (1/8),49 (ppp)
53,0.1229166666666666 (~1/8),0.125 (1/8),49 (ppp)
49,0.1229166666666666 (~1/8),0.125 (1/8),49 (ppp)
45,0.1229166666666666 (~1/8),0.125 (1/8),49 (ppp)
59,3.497916666666667 (~9/8),0.125 (1/8),49 (ppp)
62,0.1229166666666666 (~1/8),0.125 (1/8),49 (ppp)
65,0.1229166666666666 (~1/8),0.125 (1/8),49 (ppp)
69,0.1229166666666666 (~1/8),0.125 (1/8),49 (ppp)
73,0.1229166666666666 (~1/8),0.125 (1/8),49 (ppp)
77,0.1229166666666666 (~1/8),0.125 (1/8),49 (ppp)
80,0.1229166666666666 (~1/8),0.125 (1/8),49 (ppp)
84,0.1229166666666666 (~1/8),0.125 (1/8),49 (ppp)
70,0.1229166666666666 (~1/8),0.125 (1/8),49 (ppp)
74,0.1229166666666666 (~1/8),0.125 (1/8),49 (ppp)
77,0.1229166666666666 (~1/8),0.125 (1/8),49 (ppp)
81,0.1229166666666666 (~1/8),0.125 (1/8),49 (ppp)
85,0.1229166666666666 (~1/8),0.125 (1/8),49 (ppp)
89,0.1229166666666666 (~1/8),0.125 (1/8),49 (ppp)
92,0.1229166666666666 (~1/8),0.125 (1/8),49 (ppp)
96,0.1229166666666666 (~1/8),0.125 (1/8),49 (ppp)
92,0.1229166666666666 (~1/8),0.125 (1/8),49 (ppp)
89,0.1229166666666666 (~1/8),0.125 (1/8),49 (ppp)
85,0.1229166666666666 (~1/8),0.125 (1/8),49 (ppp)
81,0.1229166666666666 (~1/8),0.125 (1/8),49 (ppp)
77,0.1229166666666666 (~1/8),0.125 (1/8),49 (ppp)
74,0.1229166666666666 (~1/8),0.125 (1/8),49 (ppp)
70,0.1229166666666666 (~1/8),0.125 (1/8),49 (ppp)
84,0.1229166666666666 (~1/8),0.125 (1/8),49 (ppp)
80,0.1229166666666666 (~1/8),0.125 (1/8),49 (ppp)
77,0.1229166666666666 (~1/8),0.125 (1/8),49 (ppp)
73,0.1229166666666666 (~1/8),0.125 (1/8),49 (ppp)
69,0.1229166666666666 (~1/8),0.125 (1/8),49 (ppp)
59,3.497916666666667 (~9/8),0.125 (1/8),49 (ppp)
62,0.1229166666666666 (~1/8),0.125 (1/8),49 (ppp)
65,0.1229166666666666 (~1/8),0.125 (1/8),49 (ppp)
69,0.1229166666666666 (~1/8),0.125 (1/8),49 (ppp)
73,0.1229166666666666 (~1/8),0.125 (1/8),49 (ppp)
77,0.1229166666666666 (~1/8),0.125 (1/8),49 (ppp)
80,0.1229166666666666 (~1/8),0.125 (1/8),49 (ppp)
84,0.1229166666666666 (~1/8),0.125 (1/8),49 (ppp)
70,0.1229166666666666 (~1/8),0.125 (1/8),49 (ppp)
74,0.1229166666666666 (~1/8),0.125 (1/8),49 (ppp)
77,0.1229166666666666 (~1/8),0.125 (1/8),49 (ppp)
81,0.1229166666666666 (~1/8),0.125 (1/8),49 (ppp)
85,0.1229166666666666 (~1/8),0.125 (1/8),49 (ppp)
89,0.1229166666666666 (~1/8),0.125 (1/8),49 (ppp)
92,0.1229166666666666 (~1/8),0.125 (1/8),49 (ppp)
96,0.1229166666666666 (~1/8),0.125 (1/8),49 (ppp)
92,0.1229166666666666 (~1/8),0.125 (1/8),49 (ppp)
89,0.1229166666666666 (~1/8),0.125 (1/8),49 (ppp)
85,0.1229166666666666 (~1/8),0.125 (1/8),49 (ppp)
81,0.1229166666666666 (~1/8),0.125 (1/8),49 (ppp)
77,0.1229166666666666 (~1/8),0.125 (1/8),49 (ppp)
74,0.1229166666666666 (~1/8),0.125 (1/8),49 (ppp)
70,0.1229166666666666 (~1/8),0.125 (1/8),49 (ppp)
84,0.1229166666666666 (~1/8),0.125 (1/8),49 (ppp)
80,0.1229166666666666 (~1/8),0.125 (1/8),49 (ppp)
77,0.1229166666666666 (~1/8),0.125 (1/8),49 (ppp)
73,0.1229166666666666 (~1/8),0.125 (1/8),49 (ppp)
69,0.1229166666666666 (~1/8),0.125 (1/8),49 (ppp)
59,3.497916666666667 (~9/8),0.125 (1/8),49 (ppp)
62,3.372916666666667 (~9/8),0.125 (1/8),49 (ppp)
65,3.247916666666667 (~9/8),0.125 (1/8),49 (ppp)
69,3.122916666666667 (~9/8),0.125 (1/8),49 (ppp)
73,2.997916666666667 (~9/8),0.125 (1/8),49 (ppp)
77,0.1229166666666666 (~1/8),0.125 (1/8),49 (ppp)
80,0.1229166666666666 (~1/8),0.125 (1/8),49 (ppp)
84,0.1229166666666666 (~1/8),2.625 (~9/8),49 (ppp)
60,1.9958333333333331 (~9/8),2.0 (~9/8),33 (pppp)
62,4.997916666666667 (~9/8),1.0 (1),33 (pppp)
91,3.997916666666667 (~9/8),4.0 (~9/8),33 (pppp)
60,1.9958333333333331 (~9/8),2.0 (~9/8),33 (pppp)
62,3.997916666666667 (~9/8),1.0 (1),33 (pppp)
91,2.997916666666667 (~9/8),3.0 (~9/8),33 (pppp)
60,0.9979166666666668 (~1),1.0 (1),49 (ppp)
62,0.9979166666666668 (~1),1.0 (1),49 (ppp)
65,0.9979166666666668 (~1),1.0 (1),49 (ppp)
67,0.9979166666666668 (~1),1.0 (1),49 (ppp)
70,0.9979166666666668 (~1),1.0 (1),49 (ppp)
67,0.9979166666666668 (~1),1.0 (1),49 (ppp)
62,0.9979166666666668 (~1),1.0 (1),49 (ppp)
60,0.9979166666666668 (~1),1.0 (1),49 (ppp)
70,0.9979166666666668 (~1),1.0 (1),49 (ppp)
65,0.9979166666666668 (~1),1.0 (1),49 (ppp)
61,0.9979166666666668 (~1),1.0 (1),49 (ppp)
60,0.9979166666666668 (~1),1.0 (1),49 (ppp)
56,0.9979166666666668 (~1),1.0 (1),49 (ppp)
58,0.875 (7/8),0.125 (1/8),49 (ppp)
37,0.1229166666666666 (~1/8),0.125 (1/8),49 (ppp)
41,0.1229166666666666 (~1/8),0.125 (1/8),49 (ppp)
45,0.1229166666666666 (~1/8),0.125 (1/8),49 (ppp)
47,0.1229166666666666 (~1/8),0.125 (1/8),49 (ppp)
51,0.1229166666666666 (~1/8),0.125 (1/8),49 (ppp)
54,0.1229166666666666 (~1/8),0.125 (1/8),49 (ppp)
58,1.1229166666666666 (~9/8),0.125 (1/8),49 (ppp)
46,0.1229166666666666 (~1/8),0.125 (1/8),49 (ppp)
50,0.1229166666666666 (~1/8),0.125 (1/8),49 (ppp)
53,0.1229166666666666 (~1/8),0.125 (1/8),49 (ppp)
57,0.1229166666666666 (~1/8),0.125 (1/8),49 (ppp)
59,0.1229166666666666 (~1/8),0.125 (1/8),49 (ppp)
63,0.1229166666666666 (~1/8),0.125 (1/8),49 (ppp)
66,0.1229166666666666 (~1/8),0.125 (1/8),49 (ppp)
70,0.1229166666666666 (~1/8),0.125 (1/8),49 (ppp)
66,0.1229166666666666 (~1/8),0.125 (1/8),49 (ppp)
63,0.1229166666666666 (~1/8),0.125 (1/8),49 (ppp)
59,0.1229166666666666 (~1/8),0.125 (1/8),49 (ppp)
57,0.1229166666666666 (~1/8),0.125 (1/8),49 (ppp)
53,0.1229166666666666 (~1/8),0.125 (1/8),49 (ppp)
50,0.1229166666666666 (~1/8),0.125 (1/8),49 (ppp)
46,0.1229166666666666 (~1/8),0.125 (1/8),49 (ppp)
50,0.1229166666666666 (~1/8),0.125 (1/8),49 (ppp)
53,0.1229166666666666 (~1/8),0.125 (1/8),49 (ppp)
57,0.1229166666666666 (~1/8),0.125 (1/8),49 (ppp)
59,0.1229166666666666 (~1/8),0.125 (1/8),49 (ppp)
63,0.1229166666666666 (~1/8),0.125 (1/8),49 (ppp)
66,0.1229166666666666 (~1/8),0.125 (1/8),49 (ppp)
70,0.1229166666666666 (~1/8),0.125 (1/8),49 (ppp)
58,0.1229166666666666 (~1/8),0.125 (1/8),49 (ppp)
62,0.1229166666666666 (~1/8),0.125 (1/8),49 (ppp)
65,0.1229166666666666 (~1/8),0.125 (1/8),49 (ppp)
69,0.1229166666666666 (~1/8),0.125 (1/8),49 (ppp)
71,0.1229166666666666 (~1/8),0.125 (1/8),49 (ppp)
75,0.1229166666666666 (~1/8),0.125 (1/8),49 (ppp)
78,0.1229166666666666 (~1/8),0.125 (1/8),49 (ppp)
82,0.1229166666666666 (~1/8),0.125 (1/8),49 (ppp)
78,0.1229166666666666 (~1/8),0.125 (1/8),49 (ppp)
75,0.1229166666666666 (~1/8),0.125 (1/8),49 (ppp)
71,0.1229166666666666 (~1/8),0.125 (1/8),49 (ppp)
69,0.1229166666666666 (~1/8),0.125 (1/8),49 (ppp)
65,0.1229166666666666 (~1/8),0.125 (1/8),49 (ppp)
62,0.1229166666666666 (~1/8),0.25 (1/4),49 (ppp)
61,0.1229166666666666 (~1/8),0.125 (1/8),80 (mp)
64,0.1229166666666666 (~1/8),0.125 (1/8),80 (mp)
68,0.1229166666666666 (~1/8),0.125 (1/8),80 (mp)
71,0.1229166666666666 (~1/8),0.125 (1/8),80 (mp)
75,0.1229166666666666 (~1/8),0.125 (1/8),80 (mp)
78,0.1229166666666666 (~1/8),0.125 (1/8),80 (mp)
82,0.1229166666666666 (~1/8),0.125 (1/8),80 (mp)
78,0.1229166666666666 (~1/8),0.125 (1/8),80 (mp)
75,0.1229166666666666 (~1/8),0.125 (1/8),80 (mp)
71,0.1229166666666666 (~1/8),0.125 (1/8),80 (mp)
68,0.1229166666666666 (~1/8),0.125 (1/8),80 (mp)
64,0.1229166666666666 (~1/8),0.125 (1/8),80 (mp)
61,0.1229166666666666 (~1/8),0.25 (1/4),80 (mp)
59,0.1229166666666666 (~1/8),0.125 (1/8),80 (mp)
62,0.1229166666666666 (~1/8),0.125 (1/8),80 (mp)
66,0.1229166666666666 (~1/8),0.125 (1/8),80 (mp)
71,0.1229166666666666 (~1/8),0.125 (1/8),80 (mp)
75,0.1229166666666666 (~1/8),0.125 (1/8),80 (mp)
78,0.1229166666666666 (~1/8),0.125 (1/8),80 (mp)
82,0.1229166666666666 (~1/8),0.125 (1/8),80 (mp)
78,0.1229166666666666 (~1/8),0.125 (1/8),80 (mp)
75,0.1229166666666666 (~1/8),0.125 (1/8),80 (mp)
71,0.1229166666666666 (~1/8),0.125 (1/8),80 (mp)
66,0.1229166666666666 (~1/8),0.125 (1/8),80 (mp)
62,0.1229166666666666 (~1/8),0.125 (1/8),80 (mp)
59,0.1229166666666666 (~1/8),0.125 (1/8),80 (mp)
54,0.1229166666666666 (~1/8),0.125 (1/8),96 (f)
58,0.1229166666666666 (~1/8),0.125 (1/8),96 (f)
61,0.1229166666666666 (~1/8),0.125 (1/8),96 (f)
65,0.1229166666666666 (~1/8),0.125 (1/8),97 (f)
71,0.1229166666666666 (~1/8),0.125 (1/8),97 (f)
75,0.1229166666666666 (~1/8),0.125 (1/8),97 (f)
78,0.1229166666666666 (~1/8),0.125 (1/8),98 (f)
82,0.1229166666666666 (~1/8),0.125 (1/8),98 (f)
78,0.1229166666666666 (~1/8),0.125 (1/8),99 (f)
75,0.1229166666666666 (~1/8),0.125 (1/8),99 (f)
71,0.1229166666666666 (~1/8),0.125 (1/8),99 (f)
65,0.1229166666666666 (~1/8),0.125 (1/8),100 (f)
61,0.1229166666666666 (~1/8),0.125 (1/8),100 (f)
58,0.1229166666666666 (~1/8),0.125 (1/8),100 (f)
54,0.1229166666666666 (~1/8),0.125 (1/8),101 (ff)
58,0.1229166666666666 (~1/8),0.125 (1/8),101 (ff)
61,0.1229166666666666 (~1/8),0.125 (1/8),102 (ff)
65,0.1229166666666666 (~1/8),0.125 (1/8),102 (ff)
71,0.1229166666666666 (~1/8),0.125 (1/8),102 (ff)
75,0.1229166666666666 (~1/8),0.125 (1/8),103 (ff)
78,0.1229166666666666 (~1/8),0.125 (1/8),103 (ff)
82,0.1229166666666666 (~1/8),0.125 (1/8),104 (ff)
78,0.1229166666666666 (~1/8),0.125 (1/8),104 (ff)
75,0.1229166666666666 (~1/8),0.125 (1/8),104 (ff)
71,0.1229166666666666 (~1/8),0.125 (1/8),105 (ff)
65,0.1229166666666666 (~1/8),0.125 (1/8),105 (ff)
61,0.1229166666666666 (~1/8),0.125 (1/8),105 (ff)
58,0.1229166666666666 (~1/8),0.125 (1/8),106 (ff)
54,0.1229166666666666 (~1/8),0.125 (1/8),106 (ff)
58,0.1229166666666666 (~1/8),0.125 (1/8),107 (ff)
61,0.1229166666666666 (~1/8),0.125 (1/8),107 (ff)
65,0.1229166666666666 (~1/8),0.125 (1/8),107 (ff)
71,0.1229166666666666 (~1/8),0.125 (1/8),108 (ff)
75,0.1229166666666666 (~1/8),0.125 (1/8),108 (ff)
78,0.1229166666666666 (~1/8),0.125 (1/8),108 (ff)
82,0.1229166666666666 (~1/8),0.125 (1/8),109 (ff)
78,0.1229166666666666 (~1/8),0.125 (1/8),109 (ff)
75,0.1229166666666666 (~1/8),0.125 (1/8),110 (ff)
71,0.1229166666666666 (~1/8),0.125 (1/8),110 (ff)
65,0.1229166666666666 (~1/8),0.125 (1/8),110 (ff)
61,0.1229166666666666 (~1/8),0.125 (1/8),111 (fff)
58,0.1229166666666666 (~1/8),0.125 (1/8),111 (fff)
54,0.1229166666666666 (~1/8),0.125 (1/8),112 (fff)
58,0.1229166666666666 (~1/8),0.125 (1/8),112 (fff)
61,0.1229166666666666 (~1/8),0.125 (1/8),112 (fff)
65,0.1229166666666666 (~1/8),0.125 (1/8),112 (fff)
71,0.1229166666666666 (~1/8),0.125 (1/8),112 (fff)
75,0.1229166666666666 (~1/8),0.125 (1/8),112 (fff)
78,0.1229166666666666 (~1/8),0.125 (1/8),112 (fff)
82,0.1229166666666666 (~1/8),0.125 (1/8),112 (fff)
78,0.1229166666666666 (~1/8),0.125 (1/8),112 (fff)
75,0.1229166666666666 (~1/8),0.125 (1/8),112 (fff)
71,0.1229166666666666 (~1/8),0.125 (1/8),112 (fff)
65,0.1229166666666666 (~1/8),0.125 (1/8),112 (fff)
61,0.1229166666666666 (~1/8),0.125 (1/8),112 (fff)
58,0.1229166666666666 (~1/8),0.125 (1/8),112 (fff)
54,0.1229166666666666 (~1/8),0.125 (1/8),112 (fff)
58,0.1229166666666666 (~1/8),0.125 (1/8),112 (fff)
61,0.1229166666666666 (~1/8),0.125 (1/8),112 (fff)
65,0.1229166666666666 (~1/8),0.125 (1/8),112 (fff)
71,0.1229166666666666 (~1/8),0.125 (1/8),112 (fff)
75,0.1229166666666666 (~1/8),0.125 (1/8),112 (fff)
78,0.1229166666666666 (~1/8),0.125 (1/8),112 (fff)
82,0.1229166666666666 (~1/8),0.125 (1/8),112 (fff)
78,0.1229166666666666 (~1/8),0.125 (1/8),112 (fff)
75,0.1229166666666666 (~1/8),0.125 (1/8),112 (fff)
71,0.1229166666666666 (~1/8),0.125 (1/8),112 (fff)
65,0.1229166666666666 (~1/8),0.125 (1/8),112 (fff)
61,0.1229166666666666 (~1/8),0.125 (1/8),112 (fff)
58,0.1229166666666666 (~1/8),0.125 (1/8),112 (fff)
54,0.1229166666666666 (~1/8),0.125 (1/8),112 (fff)
58,0.1229166666666666 (~1/8),0.125 (1/8),112 (fff)
61,0.1229166666666666 (~1/8),0.125 (1/8),113 (fff)
65,0.1229166666666666 (~1/8),0.125 (1/8),114 (fff)
71,0.1229166666666666 (~1/8),0.125 (1/8),116 (fff)
75,0.1229166666666666 (~1/8),0.125 (1/8),117 (fff)
78,0.1229166666666666 (~1/8),0.125 (1/8),118 (fff)
82,0.1229166666666666 (~1/8),0.125 (1/8),120 (fff)
78,0.1229166666666666 (~1/8),0.125 (1/8),121 (ffff)
75,0.1229166666666666 (~1/8),0.125 (1/8),122 (ffff)
71,0.1229166666666666 (~1/8),0.125 (1/8),124 (ffff)
65,0.1229166666666666 (~1/8),0.125 (1/8),125 (ffff)
61,0.1229166666666666 (~1/8),0.125 (1/8),127 (ffff)
58,0.1229166666666666 (~1/8),0.125 (1/8),127 (ffff)
64,1.9958333333333331 (~9/8),2.0 (~9/8),127 (ffff)
62,1.9979166666666663 (~9/8),2.0 (~9/8),127 (ffff)
59,0.875 (7/8),0.125 (1/8),127 (ffff)
40,0.1229166666666666 (~1/8),0.125 (1/8),112 (fff)
43,0.1229166666666666 (~1/8),0.125 (1/8),112 (fff)
47,0.1229166666666666 (~1/8),0.125 (1/8),112 (fff)
48,0.5 (1/2),0.125 (1/8),112 (fff)
52,0.1229166666666666 (~1/8),0.125 (1/8),112 (fff)
55,0.1229166666666666 (~1/8),0.125 (1/8),112 (fff)
59,0.5 (1/2),0.125 (1/8),112 (fff)
48,2.997916666666667 (~9/8),0.125 (1/8),112 (fff)
52,0.1229166666666666 (~1/8),0.125 (1/8),112 (fff)
55,0.1229166666666666 (~1/8),0.125 (1/8),112 (fff)
59,2.622916666666667 (~9/8),0.125 (1/8),112 (fff)
60,0.1229166666666666 (~1/8),0.125 (1/8),112 (fff)
64,0.1229166666666666 (~1/8),0.125 (1/8),112 (fff)
67,0.1229166666666666 (~1/8),0.125 (1/8),112 (fff)
71,0.1229166666666666 (~1/8),0.125 (1/8),112 (fff)
60,0.1229166666666666 (~1/8),0.125 (1/8),112 (fff)
64,0.1229166666666666 (~1/8),0.125 (1/8),112 (fff)
67,0.1229166666666666 (~1/8),0.125 (1/8),112 (fff)
71,0.1229166666666666 (~1/8),0.125 (1/8),112 (fff)
72,0.1229166666666666 (~1/8),0.125 (1/8),112 (fff)
76,0.1229166666666666 (~1/8),0.125 (1/8),112 (fff)
79,0.1229166666666666 (~1/8),0.125 (1/8),112 (fff)
83,0.1229166666666666 (~1/8),0.125 (1/8),112 (fff)
72,0.1229166666666666 (~1/8),0.125 (1/8),112 (fff)
76,0.1229166666666666 (~1/8),0.125 (1/8),112 (fff)
79,0.1229166666666666 (~1/8),0.125 (1/8),112 (fff)
83,0.1229166666666666 (~1/8),0.125 (1/8),112 (fff)
84,0.1229166666666666 (~1/8),0.125 (1/8),112 (fff)
88,0.1229166666666666 (~1/8),0.125 (1/8),112 (fff)
91,0.1229166666666666 (~1/8),0.125 (1/8),112 (fff)
95,0.1229166666666666 (~1/8),0.625 (~3/4),112 (fff)
64,1.9958333333333331 (~9/8),2.0 (~9/8),127 (ffff)
62,1.9979166666666663 (~9/8),2.0 (~9/8),127 (ffff)
59,0.875 (7/8),0.125 (1/8),127 (ffff)
40,0.1229166666666666 (~1/8),0.125 (1/8),112 (fff)
43,0.1229166666666666 (~1/8),0.125 (1/8),112 (fff)
47,0.1229166666666666 (~1/8),0.125 (1/8),112 (fff)
48,0.5 (1/2),0.125 (1/8),112 (fff)
52,0.1229166666666666 (~1/8),0.125 (1/8),112 (fff)
55,0.1229166666666666 (~1/8),0.125 (1/8),112 (fff)
59,0.5 (1/2),0.125 (1/8),112 (fff)
48,2.997916666666667 (~9/8),0.125 (1/8),112 (fff)
52,0.1229166666666666 (~1/8),0.125 (1/8),112 (fff)
55,0.1229166666666666 (~1/8),0.125 (1/8),112 (fff)
59,2.622916666666667 (~9/8),0.125 (1/8),112 (fff)
60,0.1229166666666666 (~1/8),0.125 (1/8),112 (fff)
64,0.1229166666666666 (~1/8),0.125 (1/8),112 (fff)
67,0.1229166666666666 (~1/8),0.125 (1/8),112 (fff)
71,0.1229166666666666 (~1/8),0.125 (1/8),112 (fff)
60,0.1229166666666666 (~1/8),0.125 (1/8),112 (fff)
64,0.1229166666666666 (~1/8),0.125 (1/8),112 (fff)
67,0.1229166666666666 (~1/8),0.125 (1/8),112 (fff)
71,0.1229166666666666 (~1/8),0.125 (1/8),112 (fff)
72,0.1229166666666666 (~1/8),0.125 (1/8),112 (fff)
76,0.1229166666666666 (~1/8),0.125 (1/8),112 (fff)
79,0.1229166666666666 (~1/8),0.125 (1/8),112 (fff)
83,0.1229166666666666 (~1/8),0.125 (1/8),112 (fff)
72,0.1229166666666666 (~1/8),0.125 (1/8),112 (fff)
76,0.1229166666666666 (~1/8),0.125 (1/8),112 (fff)
79,0.1229166666666666 (~1/8),0.125 (1/8),112 (fff)
83,0.1229166666666666 (~1/8),0.125 (1/8),112 (fff)
84,0.1229166666666666 (~1/8),0.125 (1/8),112 (fff)
88,0.1229166666666666 (~1/8),0.125 (1/8),112 (fff)
91,0.1229166666666666 (~1/8),0.125 (1/8),112 (fff)
95,0.1229166666666666 (~1/8),0.625 (~3/4),112 (fff)
64,1.9958333333333331 (~9/8),2.0 (~9/8),127 (ffff)
62,0.9979166666666668 (~1),1.0 (1),127 (ffff)
64,0.9979166666666668 (~1),1.0 (1),127 (ffff)
67,0.9979166666666668 (~1),1.0 (1),127 (ffff)
69,0.9979166666666668 (~1),1.0 (1),127 (ffff)
71,0.9979166666666668 (~1),1.0 (1),127 (ffff)
64,0.875 (7/8),0.125 (1/8),127 (ffff)
42,0.1229166666666666 (~1/8),0.125 (1/8),112 (fff)
45,0.1229166666666666 (~1/8),0.125 (1/8),112 (fff)
49,0.1229166666666666 (~1/8),0.125 (1/8),112 (fff)
53,3.497916666666667 (~9/8),0.125 (1/8),112 (fff)
57,0.625 (~3/4),0.125 (1/8),112 (fff)
60,3.247916666666667 (~9/8),0.125 (1/8),112 (fff)
64,3.122916666666667 (~9/8),0.125 (1/8),112 (fff)
50,0.1229166666666666 (~1/8),0.125 (1/8),112 (fff)
54,0.1229166666666666 (~1/8),0.125 (1/8),112 (fff)
57,2.747916666666667 (~9/8),0.125 (1/8),112 (fff)
61,0.1229166666666666 (~1/8),0.125 (1/8),112 (fff)
65,0.1229166666666666 (~1/8),0.125 (1/8),112 (fff)
69,0.1229166666666666 (~1/8),0.125 (1/8),112 (fff)
72,0.1229166666666666 (~1/8),0.125 (1/8),112 (fff)
76,0.1229166666666666 (~1/8),0.125 (1/8),112 (fff)
62,0.1229166666666666 (~1/8),0.125 (1/8),112 (fff)
66,0.1229166666666666 (~1/8),0.125 (1/8),112 (fff)
69,0.1229166666666666 (~1/8),0.125 (1/8),112 (fff)
73,0.1229166666666666 (~1/8),0.125 (1/8),112 (fff)
77,0.1229166666666666 (~1/8),0.125 (1/8),112 (fff)
81,0.1229166666666666 (~1/8),0.125 (1/8),112 (fff)
84,0.1229166666666666 (~1/8),0.125 (1/8),112 (fff)
88,0.1229166666666666 (~1/8),0.125 (1/8),112 (fff)
74,0.1229166666666666 (~1/8),0.125 (1/8),112 (fff)
78,0.1229166666666666 (~1/8),0.125 (1/8),112 (fff)
81,0.1229166666666666 (~1/8),0.125 (1/8),112 (fff)
85,0.1229166666666666 (~1/8),0.125 (1/8),112 (fff)
89,0.1229166666666666 (~1/8),0.125 (1/8),112 (fff)
93,0.1229166666666666 (~1/8),0.125 (1/8),112 (fff)
96,0.1229166666666666 (~1/8),0.125 (1/8),112 (fff)
100,0.1229166666666666 (~1/8),1.125 (9/8),112 (fff)
76,1.9979166666666663 (~9/8),2.0 (~9/8),127 (ffff)
74,1.9979166666666663 (~9/8),2.0 (~9/8),127 (ffff)
72,1.9979166666666663 (~9/8),2.0 (~9/8),127 (ffff)
71,1.9979166666666663 (~9/8),2.0 (~9/8),127 (ffff)
76,1.9979166666666663 (~9/8),2.0 (~9/8),49 (ppp)
74,1.9979166666666663 (~9/8),2.0 (~9/8),49 (ppp)
72,1.9979166666666663 (~9/8),2.0 (~9/8),49 (ppp)
70,1.9979166666666663 (~9/8),2.0 (~9/8),49 (ppp)
72,5.997916666666667 (~9/8),2.0 (~9/8),49 (ppp)
88,5.997916666666667 (~9/8),6.0 (~9/8),115 (fff)
60,5.997916666666667 (~9/8),2.0 (~9/8),33 (pppp)
90,9.997916666666669 (~9/8),12.75 (~9/8),49 (ppp)
52,0.2479166666666666 (~1/4),0.25 (1/4),96 (f)
36,0.2479166666666666 (~1/4),0.25 (1/4),96 (f)
47,0.2479166666666666 (~1/4),0.25 (1/4),96 (f)
46,0.2479166666666666 (~1/4),0.25 (1/4),96 (f)
57,0.2479166666666666 (~1/4),0.25 (1/4),96 (f)
45,0.2479166666666666 (~1/4),0.25 (1/4),96 (f)
56,0.2479166666666666 (~1/4),0.25 (1/4),96 (f)
49,0.2479166666666666 (~1/4),0.25 (1/4),96 (f)
60,0.2479166666666666 (~1/4),0.5 (1/2),96 (f)
51,0.2479166666666666 (~1/4),0.25 (1/4),96 (f)
36,0.2479166666666666 (~1/4),0.25 (1/4),96 (f)
47,0.2479166666666666 (~1/4),0.25 (1/4),96 (f)
46,0.2479166666666666 (~1/4),0.25 (1/4),96 (f)
57,0.2479166666666666 (~1/4),0.25 (1/4),96 (f)
45,0.2479166666666666 (~1/4),0.25 (1/4),96 (f)
56,0.2479166666666666 (~1/4),0.25 (1/4),96 (f)
49,0.2479166666666666 (~1/4),0.25 (1/4),96 (f)
60,0.2479166666666666 (~1/4),0.5 (1/2),96 (f)
51,0.2479166666666666 (~1/4),0.25 (1/4),49 (ppp)
36,0.2479166666666666 (~1/4),0.25 (1/4),49 (ppp)
47,0.2479166666666666 (~1/4),0.25 (1/4),49 (ppp)
46,0.2479166666666666 (~1/4),0.25 (1/4),49 (ppp)
57,0.2479166666666666 (~1/4),0.25 (1/4),49 (ppp)
45,0.2479166666666666 (~1/4),0.25 (1/4),49 (ppp)
56,0.2479166666666666 (~1/4),0.25 (1/4),49 (ppp)
49,0.2479166666666666 (~1/4),0.25 (1/4),49 (ppp)
60,0.2479166666666666 (~1/4),0.5 (1/2),49 (ppp)
51,0.2479166666666666 (~1/4),0.25 (1/4),49 (ppp)
36,0.2479166666666666 (~1/4),0.25 (1/4),49 (ppp)
47,0.2479166666666666 (~1/4),0.25 (1/4),49 (ppp)
46,0.2479166666666666 (~1/4),0.25 (1/4),49 (ppp)
57,0.2479166666666666 (~1/4),0.25 (1/4),49 (ppp)
45,0.2479166666666666 (~1/4),0.25 (1/4),49 (ppp)
56,0.2479166666666666 (~1/4),0.25 (1/4),49 (ppp)
49,0.2479166666666666 (~1/4),0.25 (1/4),49 (ppp)
60,0.2479166666666666 (~1/4),0.5 (1/2),49 (ppp)
55,0.2479166666666666 (~1/4),0.25 (1/4),80 (mp)
57,0.2479166666666666 (~1/4),0.25 (1/4),80 (mp)
68,0.2479166666666666 (~1/4),0.25 (1/4),80 (mp)
60,0.2479166666666666 (~1/4),0.25 (1/4),80 (mp)
71,0.2479166666666666 (~1/4),0.25 (1/4),80 (mp)
68,0.2479166666666666 (~1/4),0.25 (1/4),80 (mp)
57,0.2479166666666666 (~1/4),0.5 (1/2),80 (mp)
55,0.2479166666666666 (~1/4),0.25 (1/4),80 (mp)
60,0.2479166666666666 (~1/4),0.25 (1/4),80 (mp)
71,0.2479166666666666 (~1/4),0.25 (1/4),80 (mp)
68,0.2479166666666666 (~1/4),0.25 (1/4),80 (mp)
57,0.2479166666666666 (~1/4),0.5 (1/2),80 (mp)
52,0.2479166666666666 (~1/4),0.25 (1/4),80 (mp)
36,0.2479166666666666 (~1/4),0.25 (1/4),80 (mp)
47,0.2479166666666666 (~1/4),0.25 (1/4),80 (mp)
46,0.2479166666666666 (~1/4),0.25 (1/4),80 (mp)
57,0.2479166666666666 (~1/4),0.25 (1/4),80 (mp)
45,0.2479166666666666 (~1/4),0.25 (1/4),80 (mp)
56,0.2479166666666666 (~1/4),0.25 (1/4),80 (mp)
49,0.2479166666666666 (~1/4),0.25 (1/4),80 (mp)
60,0.2479166666666666 (~1/4),0.5 (1/2),80 (mp)
51,0.2479166666666666 (~1/4),0.25 (1/4),80 (mp)
36,0.2479166666666666 (~1/4),0.25 (1/4),80 (mp)
47,0.2479166666666666 (~1/4),0.25 (1/4),80 (mp)
46,0.2479166666666666 (~1/4),0.25 (1/4),80 (mp)
57,0.2479166666666666 (~1/4),0.25 (1/4),80 (mp)
45,0.2479166666666666 (~1/4),0.25 (1/4),80 (mp)
56,0.2479166666666666 (~1/4),0.25 (1/4),80 (mp)
49,0.2479166666666666 (~1/4),0.25 (1/4),80 (mp)
60,0.2479166666666666 (~1/4),0.5 (1/2),80 (mp)
55,0.2479166666666666 (~1/4),0.25 (1/4),80 (mp)
57,0.2479166666666666 (~1/4),0.25 (1/4),80 (mp)
68,0.2479166666666666 (~1/4),0.25 (1/4),80 (mp)
60,0.2479166666666666 (~1/4),0.25 (1/4),80 (mp)
71,0.2479166666666666 (~1/4),0.25 (1/4),80 (mp)
68,0.2479166666666666 (~1/4),0.25 (1/4),80 (mp)
57,0.2479166666666666 (~1/4),0.5 (1/2),80 (mp)
55,0.2479166666666666 (~1/4),0.25 (1/4),80 (mp)
60,0.2479166666666666 (~1/4),0.25 (1/4),80 (mp)
71,0.2479166666666666 (~1/4),0.25 (1/4),80 (mp)
68,0.2479166666666666 (~1/4),0.25 (1/4),80 (mp)
57,0.2479166666666666 (~1/4),0.5 (1/2),80 (mp)
51,0.2479166666666666 (~1/4),0.25 (1/4),80 (mp)
36,0.2479166666666666 (~1/4),0.25 (1/4),80 (mp)
47,0.2479166666666666 (~1/4),0.25 (1/4),80 (mp)
46,0.2479166666666666 (~1/4),0.25 (1/4),80 (mp)
57,0.2479166666666666 (~1/4),0.25 (1/4),80 (mp)
45,0.2479166666666666 (~1/4),0.25 (1/4),80 (mp)
56,0.2479166666666666 (~1/4),0.25 (1/4),80 (mp)
49,0.2479166666666666 (~1/4),0.25 (1/4),80 (mp)
60,0.2479166666666666 (~1/4),0.5 (1/2),80 (mp)
55,0.2479166666666666 (~1/4),0.25 (1/4),80 (mp)
57,0.2479166666666666 (~1/4),0.25 (1/4),80 (mp)
68,0.2479166666666666 (~1/4),0.25 (1/4),80 (mp)
60,0.2479166666666666 (~1/4),0.25 (1/4),80 (mp)
71,0.2479166666666666 (~1/4),0.25 (1/4),80 (mp)
68,0.2479166666666666 (~1/4),0.25 (1/4),80 (mp)
57,0.2479166666666666 (~1/4),0.5 (1/2),80 (mp)
55,0.2479166666666666 (~1/4),0.25 (1/4),80 (mp)
57,0.2479166666666666 (~1/4),0.25 (1/4),80 (mp)
68,0.2479166666666666 (~1/4),0.5 (1/2),80 (mp)
71,0.2479166666666666 (~1/4),0.25 (1/4),80 (mp)
76,0.2479166666666666 (~1/4),0.25 (1/4),80 (mp)
65,0.2479166666666666 (~1/4),0.5 (1/2),80 (mp)
57,0.2479166666666666 (~1/4),0.25 (1/4),80 (mp)
55,0.2479166666666666 (~1/4),0.25 (1/4),80 (mp)
66,0.2479166666666666 (~1/4),0.5 (1/2),80 (mp)
56,0.2479166666666666 (~1/4),0.25 (1/4),80 (mp)
53,0.2479166666666666 (~1/4),0.25 (1/4),80 (mp)
64,0.2479166666666666 (~1/4),0.5 (1/2),80 (mp)
54,0.2479166666666666 (~1/4),0.5 (1/2),80 (mp)
51,0.2479166666666666 (~1/4),0.25 (1/4),80 (mp)
36,0.2479166666666666 (~1/4),0.25 (1/4),80 (mp)
47,0.2479166666666666 (~1/4),0.25 (1/4),80 (mp)
46,0.2479166666666666 (~1/4),0.25 (1/4),80 (mp)
57,0.2479166666666666 (~1/4),0.25 (1/4),80 (mp)
45,0.2479166666666666 (~1/4),0.25 (1/4),80 (mp)
56,0.2479166666666666 (~1/4),0.25 (1/4),80 (mp)
49,0.2479166666666666 (~1/4),0.25 (1/4),80 (mp)
60,0.2479166666666666 (~1/4),0.5 (1/2),80 (mp)
51,0.2479166666666666 (~1/4),0.25 (1/4),80 (mp)
36,0.2479166666666666 (~1/4),0.25 (1/4),80 (mp)
47,0.2479166666666666 (~1/4),0.25 (1/4),80 (mp)
46,0.2479166666666666 (~1/4),0.25 (1/4),80 (mp)
57,0.2479166666666666 (~1/4),0.25 (1/4),80 (mp)
45,0.2479166666666666 (~1/4),0.25 (1/4),80 (mp)
56,0.2479166666666666 (~1/4),0.25 (1/4),80 (mp)
49,0.2479166666666666 (~1/4),0.25 (1/4),80 (mp)
60,0.2479166666666666 (~1/4),0.25 (1/4),80 (mp)
59,1.4979166666666666 (~9/8),0.25 (1/4),96 (f)
63,0.2479166666666666 (~1/4),0.25 (1/4),96 (f)
52,0.2479166666666666 (~1/4),0.25 (1/4),96 (f)
54,0.2479166666666666 (~1/4),0.25 (1/4),96 (f)
64,0.2479166666666666 (~1/4),0.25 (1/4),96 (f)
53,0.2479166666666666 (~1/4),0.5 (1/2),96 (f)
64,0.2479166666666666 (~1/4),0.25 (1/4),96 (f)
53,0.2479166666666666 (~1/4),0.25 (1/4),96 (f)
54,0.2479166666666666 (~1/4),0.5 (1/2),96 (f)
51,0.2479166666666666 (~1/4),0.25 (1/4),96 (f)
36,0.2479166666666666 (~1/4),0.25 (1/4),96 (f)
47,0.2479166666666666 (~1/4),0.25 (1/4),96 (f)
46,0.2479166666666666 (~1/4),0.25 (1/4),96 (f)
57,0.2479166666666666 (~1/4),0.25 (1/4),96 (f)
45,0.2479166666666666 (~1/4),0.25 (1/4),96 (f)
56,0.2479166666666666 (~1/4),0.25 (1/4),96 (f)
49,0.2479166666666666 (~1/4),0.25 (1/4),96 (f)
60,0.2479166666666666 (~1/4),0.25 (1/4),96 (f)
59,1.4979166666666666 (~9/8),0.25 (1/4),96 (f)
63,0.2479166666666666 (~1/4),0.25 (1/4),96 (f)
52,0.2479166666666666 (~1/4),0.25 (1/4),96 (f)
54,0.2479166666666666 (~1/4),0.25 (1/4),96 (f)
64,0.2479166666666666 (~1/4),0.25 (1/4),96 (f)
53,0.2479166666666666 (~1/4),0.5 (1/2),96 (f)
64,0.2479166666666666 (~1/4),0.25 (1/4),96 (f)
53,0.2479166666666666 (~1/4),0.5 (1/2),96 (f)
57,0.2479166666666666 (~1/4),0.25 (1/4),96 (f)
68,0.2479166666666666 (~1/4),0.5 (1/2),96 (f)
71,0.2479166666666666 (~1/4),0.25 (1/4),96 (f)
75,0.2479166666666666 (~1/4),0.25 (1/4),96 (f)
64,0.2479166666666666 (~1/4),0.5 (1/2),96 (f)
65,0.2479166666666666 (~1/4),0.25 (1/4),96 (f)
76,0.4958333333333332 (~1/2),0.75 (3/4),96 (f)
65,0.2479166666666666 (~1/4),0.5 (1/2),96 (f)
75,0.2479166666666666 (~1/4),0.25 (1/4),96 (f)
64,0.2479166666666666 (~1/4),0.25 (1/4),96 (f)
60,0.2479166666666666 (~1/4),0.25 (1/4),96 (f)
71,0.2479166666666666 (~1/4),0.25 (1/4),96 (f)
74,0.2479166666666666 (~1/4),0.5 (1/2),96 (f)
55,0.2479166666666666 (~1/4),0.25 (1/4),96 (f)
66,0.2479166666666666 (~1/4),0.25 (1/4),96 (f)
68,0.2479166666666666 (~1/4),0.25 (1/4),96 (f)
57,0.2479166666666666 (~1/4),0.25 (1/4),96 (f)
53,0.2479166666666666 (~1/4),0.25 (1/4),96 (f)
64,0.2479166666666666 (~1/4),0.75 (3/4),96 (f)
51,0.2479166666666666 (~1/4),0.25 (1/4),96 (f)
36,0.2479166666666666 (~1/4),0.25 (1/4),96 (f)
47,0.2479166666666666 (~1/4),0.25 (1/4),96 (f)
46,0.2479166666666666 (~1/4),0.25 (1/4),96 (f)
57,0.2479166666666666 (~1/4),0.25 (1/4),96 (f)
45,0.2479166666666666 (~1/4),0.25 (1/4),96 (f)
56,0.2479166666666666 (~1/4),0.25 (1/4),96 (f)
49,0.2479166666666666 (~1/4),0.25 (1/4),96 (f)
60,0.2479166666666666 (~1/4),0.5 (1/2),96 (f)
51,0.2479166666666666 (~1/4),0.25 (1/4),96 (f)
36,0.2479166666666666 (~1/4),0.25 (1/4),96 (f)
47,0.2479166666666666 (~1/4),0.25 (1/4),96 (f)
46,0.2479166666666666 (~1/4),0.25 (1/4),96 (f)
57,0.2479166666666666 (~1/4),0.25 (1/4),96 (f)
45,0.2479166666666666 (~1/4),0.25 (1/4),96 (f)
56,0.2479166666666666 (~1/4),0.25 (1/4),96 (f)
49,0.2479166666666666 (~1/4),0.25 (1/4),96 (f)
60,0.2479166666666666 (~1/4),0.5 (1/2),96 (f)
55,0.2479166666666666 (~1/4),0.25 (1/4),96 (f)
57,0.2479166666666666 (~1/4),0.25 (1/4),96 (f)
68,0.2479166666666666 (~1/4),0.5 (1/2),96 (f)
67,0.2479166666666666 (~1/4),0.25 (1/4),96 (f)
78,0.2479166666666666 (~1/4),0.25 (1/4),96 (f)
67,0.2479166666666666 (~1/4),0.5 (1/2),96 (f)
68,0.2479166666666666 (~1/4),0.25 (1/4),96 (f)
57,0.2479166666666666 (~1/4),0.75 (3/4),96 (f)
62,0.2479166666666666 (~1/4),0.25 (1/4),96 (f)
64,0.2479166666666666 (~1/4),0.25 (1/4),96 (f)
75,0.2479166666666666 (~1/4),0.5 (1/2),96 (f)
76,0.2479166666666666 (~1/4),0.25 (1/4),96 (f)
87,0.2479166666666666 (~1/4),0.25 (1/4),96 (f)
76,0.2479166666666666 (~1/4),0.5 (1/2),96 (f)
79,0.2479166666666666 (~1/4),0.25 (1/4),96 (f)
90,0.2479166666666666 (~1/4),0.25 (1/4),96 (f)
79,0.2479166666666666 (~1/4),0.25 (1/4),96 (f)
75,0.2479166666666666 (~1/4),0.25 (1/4),96 (f)
87,0.2479166666666666 (~1/4),0.25 (1/4),96 (f)
76,0.2479166666666666 (~1/4),0.25 (1/4),96 (f)
63,0.2479166666666666 (~1/4),0.25 (1/4),96 (f)
75,0.2479166666666666 (~1/4),0.25 (1/4),96 (f)
64,0.2479166666666666 (~1/4),0.25 (1/4),96 (f)
51,0.2479166666666666 (~1/4),0.25 (1/4),96 (f)
63,0.2479166666666666 (~1/4),0.25 (1/4),96 (f)
52,0.2479166666666666 (~1/4),0.25 (1/4),96 (f)
63,0.2479166666666666 (~1/4),0.5 (1/2),96 (f)
55,0.2479166666666666 (~1/4),0.25 (1/4),96 (f)
57,0.2479166666666666 (~1/4),0.25 (1/4),96 (f)
68,0.2479166666666666 (~1/4),0.5 (1/2),96 (f)
67,0.2479166666666666 (~1/4),0.25 (1/4),96 (f)
78,0.2479166666666666 (~1/4),0.25 (1/4),96 (f)
67,0.2479166666666666 (~1/4),0.5 (1/2),96 (f)
68,0.2479166666666666 (~1/4),0.25 (1/4),96 (f)
57,0.2479166666666666 (~1/4),0.75 (3/4),96 (f)
62,0.2479166666666666 (~1/4),0.25 (1/4),96 (f)
64,0.2479166666666666 (~1/4),0.25 (1/4),96 (f)
75,0.2479166666666666 (~1/4),0.5 (1/2),96 (f)
76,0.2479166666666666 (~1/4),0.25 (1/4),96 (f)
87,0.2479166666666666 (~1/4),0.25 (1/4),96 (f)
76,0.2479166666666666 (~1/4),0.5 (1/2),96 (f)
79,0.2479166666666666 (~1/4),0.25 (1/4),96 (f)
90,0.2479166666666666 (~1/4),0.25 (1/4),96 (f)
79,0.2479166666666666 (~1/4),0.25 (1/4),96 (f)
75,0.2479166666666666 (~1/4),0.25 (1/4),96 (f)
87,0.2479166666666666 (~1/4),0.25 (1/4),96 (f)
76,0.2479166666666666 (~1/4),0.25 (1/4),96 (f)
63,0.2479166666666666 (~1/4),0.25 (1/4),96 (f)
75,0.2479166666666666 (~1/4),0.25 (1/4),96 (f)
64,0.2479166666666666 (~1/4),0.25 (1/4),96 (f)
51,0.2479166666666666 (~1/4),0.25 (1/4),96 (f)
63,0.2479166666666666 (~1/4),0.25 (1/4),96 (f)
52,0.2479166666666666 (~1/4),0.25 (1/4),96 (f)
39,0.2479166666666666 (~1/4),0.25 (1/4),96 (f)
51,0.2479166666666666 (~1/4),0.25 (1/4),96 (f)
40,0.2479166666666666 (~1/4),0.25 (1/4),96 (f)
35,0.9979166666666668 (~1),0.5 (1/2),127 (ffff)
58,0.2479166666666666 (~1/4),0.25 (1/4),112 (fff)
47,0.2479166666666666 (~1/4),0.5 (1/2),112 (fff)
58,0.2479166666666666 (~1/4),0.25 (1/4),112 (fff)
47,0.2479166666666666 (~1/4),0.5 (1/2),112 (fff)
58,0.2479166666666666 (~1/4),0.25 (1/4),112 (fff)
47,0.2479166666666666 (~1/4),0.5 (1/2),112 (fff)
60,0.2479166666666666 (~1/4),0.25 (1/4),112 (fff)
50,0.2479166666666666 (~1/4),0.5 (1/2),112 (fff)
62,0.2479166666666666 (~1/4),0.25 (1/4),112 (fff)
52,4.247916666666667 (~9/8),0.25 (1/4),112 (fff)
63,3.997916666666667 (~9/8),0.5 (1/2),127 (ffff)
57,0.2479166666666666 (~1/4),0.25 (1/4),112 (fff)
46,0.2479166666666666 (~1/4),0.25 (1/4),113 (fff)
36,2.997916666666667 (~9/8),0.25 (1/4),114 (fff)
47,2.747916666666667 (~9/8),0.25 (1/4),115 (fff)
60,0.2479166666666666 (~1/4),0.25 (1/4),116 (fff)
49,0.2479166666666666 (~1/4),0.25 (1/4),117 (fff)
45,0.2479166666666666 (~1/4),0.25 (1/4),118 (fff)
56,0.2479166666666666 (~1/4),0.25 (1/4),120 (fff)
62,0.2479166666666666 (~1/4),0.25 (1/4),121 (ffff)
51,0.2479166666666666 (~1/4),0.25 (1/4),122 (ffff)
50,0.2479166666666666 (~1/4),0.25 (1/4),123 (ffff)
61,0.2479166666666666 (~1/4),0.25 (1/4),124 (ffff)
66,0.2479166666666666 (~1/4),0.25 (1/4),125 (ffff)
57,0.75 (3/4),0.25 (1/4),127 (ffff)
67,3.997916666666667 (~9/8),0.5 (1/2),127 (ffff)
57,3.497916666666667 (~9/8),0.25 (1/4),127 (ffff)
46,0.2479166666666666 (~1/4),0.25 (1/4),127 (ffff)
36,0.2479166666666666 (~1/4),0.25 (1/4),127 (ffff)
47,0.2479166666666666 (~1/4),0.25 (1/4),127 (ffff)
60,0.2479166666666666 (~1/4),0.25 (1/4),127 (ffff)
49,0.2479166666666666 (~1/4),0.25 (1/4),127 (ffff)
45,1.9979166666666663 (~9/8),0.25 (1/4),127 (ffff)
56,0.2479166666666666 (~1/4),0.25 (1/4),127 (ffff)
62,0.2479166666666666 (~1/4),0.25 (1/4),127 (ffff)
51,0.2479166666666666 (~1/4),0.25 (1/4),127 (ffff)
50,0.2479166666666666 (~1/4),0.25 (1/4),127 (ffff)
61,0.2479166666666666 (~1/4),0.25 (1/4),127 (ffff)
70,0.2479166666666666 (~1/4),0.25 (1/4),127 (ffff)
60,1.75 (~9/8),0.25 (1/4),127 (ffff)
71,3.997916666666667 (~9/8),0.5 (1/2),127 (ffff)
57,0.2479166666666666 (~1/4),0.25 (1/4),112 (fff)
46,0.2479166666666666 (~1/4),0.25 (1/4),113 (fff)
36,0.2479166666666666 (~1/4),0.25 (1/4),114 (fff)
47,0.2479166666666666 (~1/4),0.25 (1/4),115 (fff)
60,2.497916666666667 (~9/8),0.25 (1/4),117 (fff)
49,0.2479166666666666 (~1/4),0.25 (1/4),118 (fff)
45,0.2479166666666666 (~1/4),0.25 (1/4),119 (fff)
56,0.2479166666666666 (~1/4),0.25 (1/4),120 (fff)
62,0.2479166666666666 (~1/4),0.25 (1/4),122 (ffff)
51,0.2479166666666666 (~1/4),0.25 (1/4),123 (ffff)
50,0.2479166666666666 (~1/4),0.25 (1/4),124 (ffff)
61,0.2479166666666666 (~1/4),0.25 (1/4),125 (ffff)
73,0.2479166666666666 (~1/4),0.25 (1/4),127 (ffff)
62,0.2479166666666666 (~1/4),0.5 (1/2),127 (ffff)
71,0.2479166666666666 (~1/4),0.25 (1/4),80 (mp)
63,0.4979166666666667 (~1/2),0.25 (1/4),80 (mp)
60,0.2479166666666666 (~1/4),0.5 (1/2),80 (mp)
71,0.2479166666666666 (~1/4),0.25 (1/4),80 (mp)
63,0.2479166666666666 (~1/4),0.25 (1/4),80 (mp)
60,0.2479166666666666 (~1/4),0.5 (1/2),80 (mp)
71,0.2479166666666666 (~1/4),0.25 (1/4),80 (mp)
63,0.2479166666666666 (~1/4),0.25 (1/4),80 (mp)
60,0.2479166666666666 (~1/4),0.5 (1/2),80 (mp)
65,0.2479166666666666 (~1/4),0.25 (1/4),80 (mp)
58,0.2479166666666666 (~1/4),0.25 (1/4),80 (mp)
55,0.2479166666666666 (~1/4),0.5 (1/2),80 (mp)
59,0.2479166666666666 (~1/4),0.25 (1/4),80 (mp)
51,0.2479166666666666 (~1/4),0.25 (1/4),80 (mp)
48,0.2479166666666666 (~1/4),0.5 (1/2),80 (mp)
71,0.2479166666666666 (~1/4),0.25 (1/4),80 (mp)
63,0.2479166666666666 (~1/4),0.25 (1/4),80 (mp)
60,0.2479166666666666 (~1/4),0.5 (1/2),80 (mp)
67,0.2479166666666666 (~1/4),0.25 (1/4),80 (mp)
69,0.2479166666666666 (~1/4),0.25 (1/4),80 (mp)
80,0.2479166666666666 (~1/4),0.5 (1/2),80 (mp)
79,0.2479166666666666 (~1/4),0.25 (1/4),80 (mp)
90,0.2479166666666666 (~1/4),0.25 (1/4),80 (mp)
79,0.2479166666666666 (~1/4),0.5 (1/2),80 (mp)
80,0.2479166666666666 (~1/4),0.25 (1/4),80 (mp)
69,0.2479166666666666 (~1/4),0.75 (3/4),80 (mp)
68,0.2479166666666666 (~1/4),0.25 (1/4),33 (pppp)
57,0.2479166666666666 (~1/4),0.5 (1/2),33 (pppp)
69,0.2479166666666666 (~1/4),0.25 (1/4),33 (pppp)
59,0.2479166666666666 (~1/4),0.5 (1/2),33 (pppp)
71,0.2479166666666666 (~1/4),0.25 (1/4),33 (pppp)
60,0.2479166666666666 (~1/4),0.5 (1/2),33 (pppp)
69,0.2479166666666666 (~1/4),0.25 (1/4),33 (pppp)
59,0.2479166666666666 (~1/4),0.5 (1/2),33 (pppp)
68,0.2479166666666666 (~1/4),0.25 (1/4),33 (pppp)
57,0.2479166666666666 (~1/4),0.5 (1/2),33 (pppp)
67,0.2479166666666666 (~1/4),0.25 (1/4),33 (pppp)
56,0.2479166666666666 (~1/4),0.5 (1/2),33 (pppp)
66,0.2479166666666666 (~1/4),0.25 (1/4),33 (pppp)
55,0.2479166666666666 (~1/4),0.5 (1/2),33 (pppp)
67,0.2479166666666666 (~1/4),0.25 (1/4),33 (pppp)
56,0.2479166666666666 (~1/4),0.5 (1/2),33 (pppp)
68,0.2479166666666666 (~1/4),0.25 (1/4),49 (ppp)
57,0.2479166666666666 (~1/4),0.5 (1/2),49 (ppp)
68,0.2479166666666666 (~1/4),0.25 (1/4),49 (ppp)
57,0.2479166666666666 (~1/4),0.5 (1/2),49 (ppp)
68,0.2479166666666666 (~1/4),0.25 (1/4),49 (ppp)
57,0.2479166666666666 (~1/4),0.5 (1/2),49 (ppp)
61,0.2479166666666666 (~1/4),0.25 (1/4),49 (ppp)
50,0.2479166666666666 (~1/4),0.5 (1/2),49 (ppp)
63,0.2479166666666666 (~1/4),0.25 (1/4),49 (ppp)
52,0.2479166666666666 (~1/4),0.5 (1/2),49 (ppp)
61,0.2479166666666666 (~1/4),0.25 (1/4),49 (ppp)
50,0.2479166666666666 (~1/4),0.5 (1/2),49 (ppp)
55,0.2479166666666666 (~1/4),0.25 (1/4),80 (mp)
53,0.2479166666666666 (~1/4),0.5 (1/2),80 (mp)
57,0.2479166666666666 (~1/4),0.25 (1/4),80 (mp)
52,0.2479166666666666 (~1/4),0.5 (1/2),80 (mp)
44,0.2479166666666666 (~1/4),0.25 (1/4),80 (mp)
42,0.2479166666666666 (~1/4),0.5 (1/2),80 (mp)
46,0.2479166666666666 (~1/4),0.25 (1/4),80 (mp)
41,0.2479166666666666 (~1/4),0.5 (1/2),80 (mp)
50,0.2479166666666666 (~1/4),0.25 (1/4),80 (mp)
48,0.2479166666666666 (~1/4),0.5 (1/2),83 (mf)
52,0.2479166666666666 (~1/4),0.25 (1/4),89 (mf)
47,0.2479166666666666 (~1/4),0.5 (1/2),92 (f)
65,0.2479166666666666 (~1/4),0.25 (1/4),96 (f)
55,0.2479166666666666 (~1/4),0.5 (1/2),96 (f)
65,0.2479166666666666 (~1/4),0.25 (1/4),96 (f)
55,0.2479166666666666 (~1/4),0.5 (1/2),96 (f)
39,0.2479166666666666 (~1/4),0.25 (1/4),96 (f)
37,0.2479166666666666 (~1/4),0.5 (1/2),99 (f)
40,0.2479166666666666 (~1/4),0.25 (1/4),105 (ff)
35,0.2479166666666666 (~1/4),0.25 (1/4),108 (ff)
32,4.0 (~9/8),0.5 (1/2),127 (ffff)
56,0.2479166666666666 (~1/4),0.25 (1/4),112 (fff)
45,0.2479166666666666 (~1/4),0.25 (1/4),112 (fff)
46,0.2479166666666666 (~1/4),0.25 (1/4),112 (fff)
56,0.2479166666666666 (~1/4),0.25 (1/4),112 (fff)
45,0.2479166666666666 (~1/4),0.5 (1/2),113 (fff)
56,0.2479166666666666 (~1/4),0.25 (1/4),116 (fff)
45,0.2479166666666666 (~1/4),0.25 (1/4),117 (fff)
46,0.2479166666666666 (~1/4),0.25 (1/4),118 (fff)
56,0.2479166666666666 (~1/4),0.25 (1/4),120 (fff)
45,0.2479166666666666 (~1/4),0.25 (1/4),121 (ffff)
49,0.2479166666666666 (~1/4),0.25 (1/4),122 (ffff)
60,0.2479166666666666 (~1/4),0.25 (1/4),124 (ffff)
50,0.2479166666666666 (~1/4),0.25 (1/4),125 (ffff)
51,0.2479166666666666 (~1/4),0.25 (1/4),127 (ffff)
62,0.2479166666666666 (~1/4),0.25 (1/4),127 (ffff)
52,0.2479166666666666 (~1/4),0.25 (1/4),127 (ffff)
64,0.2479166666666666 (~1/4),0.25 (1/4),127 (ffff)
76,0.2479166666666666 (~1/4),0.25 (1/4),127 (ffff)
65,0.2479166666666666 (~1/4),0.25 (1/4),127 (ffff)
32,4.497916666666667 (~9/8),0.5 (1/2),127 (ffff)
56,0.2479166666666666 (~1/4),0.25 (1/4),112 (fff)
45,0.2479166666666666 (~1/4),0.25 (1/4),112 (fff)
46,0.2479166666666666 (~1/4),0.25 (1/4),112 (fff)
56,0.2479166666666666 (~1/4),0.25 (1/4),112 (fff)
45,0.2479166666666666 (~1/4),0.25 (1/4),112 (fff)
44,0.2479166666666666 (~1/4),0.25 (1/4),112 (fff)
56,0.2479166666666666 (~1/4),0.25 (1/4),112 (fff)
45,0.2479166666666666 (~1/4),0.25 (1/4),112 (fff)
49,0.2479166666666666 (~1/4),0.25 (1/4),112 (fff)
60,0.2479166666666666 (~1/4),0.25 (1/4),112 (fff)
50,0.2479166666666666 (~1/4),0.25 (1/4),112 (fff)
51,0.2479166666666666 (~1/4),0.25 (1/4),112 (fff)
62,0.2479166666666666 (~1/4),0.25 (1/4),112 (fff)
52,0.2479166666666666 (~1/4),0.25 (1/4),112 (fff)
64,0.2479166666666666 (~1/4),0.25 (1/4),112 (fff)
76,0.2479166666666666 (~1/4),0.25 (1/4),127 (ffff)
32,3.497916666666667 (~9/8),2.0 (~9/8),126 (ffff)
46,0.2479166666666666 (~1/4),0.25 (1/4),96 (f)
56,0.2479166666666666 (~1/4),0.25 (1/4),96 (f)
45,0.2479166666666666 (~1/4),0.25 (1/4),96 (f)
44,0.2479166666666666 (~1/4),0.25 (1/4),96 (f)
56,0.2479166666666666 (~1/4),0.25 (1/4),96 (f)
45,0.2479166666666666 (~1/4),0.25 (1/4),96 (f)
32,5.0 (~9/8),2.0 (~9/8),126 (ffff)
46,0.2479166666666666 (~1/4),0.25 (1/4),33 (pppp)
56,0.2479166666666666 (~1/4),0.25 (1/4),38 (pppp)
45,0.2479166666666666 (~1/4),0.25 (1/4),43 (ppp)
44,0.2479166666666666 (~1/4),0.25 (1/4),48 (ppp)
56,0.2479166666666666 (~1/4),0.25 (1/4),53 (pp)
45,0.2479166666666666 (~1/4),0.25 (1/4),58 (pp)
46,0.2479166666666666 (~1/4),0.25 (1/4),64 (p)
56,0.2479166666666666 (~1/4),0.25 (1/4),69 (p)
45,0.2479166666666666 (~1/4),0.25 (1/4),74 (mp)
44,0.2479166666666666 (~1/4),0.25 (1/4),79 (mp)
56,0.2479166666666666 (~1/4),0.25 (1/4),84 (mf)
45,0.2479166666666666 (~1/4),0.5 (1/2),89 (mf)
44,0.2479166666666666 (~1/4),0.25 (1/4),100 (f)
33,0.2479166666666666 (~1/4),0.5 (1/2),105 (ff)
44,0.2479166666666666 (~1/4),0.25 (1/4),115 (fff)
33,0.2479166666666666 (~1/4),0.25 (1/4),120 (fff)
21,0.4979166666666667 (~1/2),4.5 (~9/8),127 (ffff)
60,1.4979166666666666 (~9/8),1.0 (1),64 (p)
52,0.9979166666666668 (~1),0.5 (1/2),64 (p)
61,0.4979166666666667 (~1/2),0.5 (1/2),64 (p)
63,0.9979166666666668 (~1),1.0 (1),64 (p)
64,0.9979166666666668 (~1),1.0 (1),64 (p)
54,1.4979166666666666 (~9/8),1.0 (1),64 (p)
46,0.9979166666666668 (~1),0.5 (1/2),64 (p)
52,0.4979166666666667 (~1/2),0.5 (1/2),64 (p)
51,0.9979166666666668 (~1),1.0 (1),64 (p)
49,0.9979166666666668 (~1),1.0 (1),64 (p)
64,1.4979166666666666 (~9/8),1.0 (1),49 (ppp)
63,0.9979166666666668 (~1),0.5 (1/2),49 (ppp)
67,0.4979166666666667 (~1/2),0.5 (1/2),49 (ppp)
69,0.9979166666666668 (~1),1.0 (1),52 (pp)
70,0.9979166666666668 (~1),1.0 (1),58 (pp)
72,0.9979166666666668 (~1),1.0 (1),65 (p)
73,0.9979166666666668 (~1),1.0 (1),73 (mp)
75,0.9979166666666668 (~1),1.0 (1),82 (mf)
76,0.9979166666666668 (~1),1.0 (1),91 (f)
78,0.9979166666666668 (~1),1.0 (1),99 (f)
79,0.6645833333333333 (~3/4),0.6666666666666666 (~3/4),108 (ff)
81,0.6645833333333333 (~3/4),0.6666666666666666 (~3/4),114 (fff)
82,0.6645833333333333 (~3/4),0.6666666666666666 (~3/4),120 (fff)
60,1.4979166666666666 (~9/8),1.0 (1),127 (ffff)
57,0.9979166666666668 (~1),0.5 (1/2),126 (ffff)
61,0.4979166666666667 (~1/2),0.5 (1/2),126 (ffff)
63,0.9979166666666668 (~1),1.0 (1),126 (ffff)
64,0.9979166666666668 (~1),1.0 (1),126 (ffff)
66,1.4979166666666666 (~9/8),1.0 (1),127 (ffff)
54,0.9979166666666668 (~1),0.5 (1/2),126 (ffff)
64,0.4979166666666667 (~1/2),0.5 (1/2),126 (ffff)
63,0.9979166666666668 (~1),1.0 (1),126 (ffff)
60,0.9979166666666668 (~1),1.0 (1),110 (ff)
62,0.9979166666666668 (~1),1.0 (1),49 (ppp)
60,0.9979166666666668 (~1),1.0 (1),49 (ppp)
62,0.9979166666666668 (~1),1.0 (1),49 (ppp)
60,0.9979166666666668 (~1),1.0 (1),49 (ppp)
84,1.4979166666666666 (~9/8),1.0 (1),49 (ppp)
76,0.9979166666666668 (~1),0.5 (1/2),49 (ppp)
85,0.4979166666666667 (~1/2),0.5 (1/2),49 (ppp)
87,0.9979166666666668 (~1),1.0 (1),49 (ppp)
88,0.9979166666666668 (~1),1.0 (1),49 (ppp)
78,1.4979166666666666 (~9/8),1.0 (1),49 (ppp)
70,0.9979166666666668 (~1),0.5 (1/2),49 (ppp)
76,0.4979166666666667 (~1/2),0.5 (1/2),49 (ppp)
75,0.9979166666666668 (~1),1.0 (1),49 (ppp)
73,0.9979166666666668 (~1),1.0 (1),49 (ppp)
72,1.4979166666666666 (~9/8),1.0 (1),49 (ppp)
69,0.9979166666666668 (~1),0.5 (1/2),49 (ppp)
73,0.4979166666666667 (~1/2),0.5 (1/2),49 (ppp)
75,0.9979166666666668 (~1),1.0 (1),49 (ppp)
76,0.9979166666666668 (~1),1.0 (1),72 (mp)
77,1.9979166666666663 (~9/8),1.0 (1),96 (f)
50,0.9979166666666668 (~1),1.0 (1),100 (f)
86,1.9979166666666663 (~9/8),1.0 (1),124 (ffff)
44,0.9979166666666668 (~1),1.0 (1),108 (ff)
89,6.997916666666667 (~9/8),1.0 (1),127 (ffff)
40,0.9979166666666668 (~1),1.0 (1),96 (f)
34,0.9979166666666668 (~1),1.0 (1),78 (mp)
40,0.9979166666666668 (~1),1.0 (1),60 (pp)
34,0.9979166666666668 (~1),1.0 (1),42 (ppp)
40,1.9979166666666663 (~9/8),2.0 (~9/8),33 (pppp)
46,4.997916666666667 (~9/8),11.0 (~9/8),80 (mp)
62,1.25 (~9/8),0.25 (1/4),96 (f)
43,0.2479166666666666 (~1/4),0.25 (1/4),96 (f)
45,0.2479166666666666 (~1/4),0.25 (1/4),96 (f)
55,0.2479166666666666 (~1/4),0.25 (1/4),96 (f)
57,0.2479166666666666 (~1/4),0.25 (1/4),96 (f)
62,1.0 (1),0.25 (1/4),96 (f)
50,0.2479166666666666 (~1/4),0.25 (1/4),96 (f)
55,0.2479166666666666 (~1/4),0.25 (1/4),96 (f)
57,0.2479166666666666 (~1/4),0.25 (1/4),96 (f)
62,1.5 (~9/8),0.25 (1/4),96 (f)
67,0.2479166666666666 (~1/4),0.25 (1/4),96 (f)
69,0.2479166666666666 (~1/4),0.25 (1/4),96 (f)
74,0.2479166666666666 (~1/4),0.25 (1/4),96 (f)
69,0.2479166666666666 (~1/4),0.25 (1/4),96 (f)
67,0.2479166666666666 (~1/4),0.25 (1/4),96 (f)
62,1.0 (1),0.25 (1/4),96 (f)
57,0.2479166666666666 (~1/4),0.25 (1/4),96 (f)
55,0.2479166666666666 (~1/4),0.25 (1/4),96 (f)
50,0.2479166666666666 (~1/4),0.25 (1/4),96 (f)
62,1.2479166666666666 (~9/8),0.25 (1/4),96 (f)
57,0.2479166666666666 (~1/4),0.25 (1/4),96 (f)
55,0.2479166666666666 (~1/4),0.25 (1/4),96 (f)
45,0.2479166666666666 (~1/4),0.25 (1/4),96 (f)
43,0.2479166666666666 (~1/4),0.25 (1/4),96 (f)
64,5.497916666666667 (~9/8),0.25 (1/4),96 (f)
43,0.2479166666666666 (~1/4),0.25 (1/4),96 (f)
45,0.2479166666666666 (~1/4),0.25 (1/4),96 (f)
55,0.2479166666666666 (~1/4),0.25 (1/4),96 (f)
57,0.2479166666666666 (~1/4),0.25 (1/4),96 (f)
62,0.2479166666666666 (~1/4),0.25 (1/4),96 (f)
50,0.2479166666666666 (~1/4),0.25 (1/4),96 (f)
55,0.2479166666666666 (~1/4),0.25 (1/4),96 (f)
57,0.2479166666666666 (~1/4),0.25 (1/4),96 (f)
62,0.2479166666666666 (~1/4),0.25 (1/4),96 (f)
67,0.2479166666666666 (~1/4),0.25 (1/4),96 (f)
69,0.2479166666666666 (~1/4),0.25 (1/4),96 (f)
74,0.2479166666666666 (~1/4),0.25 (1/4),96 (f)
69,0.2479166666666666 (~1/4),0.25 (1/4),96 (f)
67,0.2479166666666666 (~1/4),0.25 (1/4),96 (f)
62,0.2479166666666666 (~1/4),0.25 (1/4),96 (f)
57,0.2479166666666666 (~1/4),0.25 (1/4),96 (f)
55,0.2479166666666666 (~1/4),0.25 (1/4),96 (f)
50,0.2479166666666666 (~1/4),0.25 (1/4),96 (f)
62,0.2479166666666666 (~1/4),0.25 (1/4),96 (f)
57,0.2479166666666666 (~1/4),0.25 (1/4),96 (f)
55,0.2479166666666666 (~1/4),0.25 (1/4),96 (f)
69,0.4979166666666667 (~1/2),0.25 (1/4),96 (f)
43,0.2479166666666666 (~1/4),0.25 (1/4),96 (f)
58,1.0 (1),0.25 (1/4),96 (f)
44,0.2479166666666666 (~1/4),0.25 (1/4),96 (f)
46,0.2479166666666666 (~1/4),0.25 (1/4),96 (f)
56,0.2479166666666666 (~1/4),0.25 (1/4),96 (f)
58,1.0 (1),0.25 (1/4),96 (f)
63,0.2479166666666666 (~1/4),0.25 (1/4),96 (f)
51,0.2479166666666666 (~1/4),0.25 (1/4),96 (f)
56,0.2479166666666666 (~1/4),0.25 (1/4),96 (f)
58,2.0 (~9/8),0.25 (1/4),96 (f)
63,0.2479166666666666 (~1/4),0.25 (1/4),96 (f)
68,0.2479166666666666 (~1/4),0.25 (1/4),96 (f)
70,0.2479166666666666 (~1/4),0.25 (1/4),96 (f)
75,0.2479166666666666 (~1/4),0.25 (1/4),96 (f)
70,0.2479166666666666 (~1/4),0.25 (1/4),96 (f)
68,0.2479166666666666 (~1/4),0.25 (1/4),96 (f)
63,0.2479166666666666 (~1/4),0.25 (1/4),96 (f)
58,1.0 (1),0.25 (1/4),96 (f)
56,0.2479166666666666 (~1/4),0.25 (1/4),96 (f)
51,0.2479166666666666 (~1/4),0.25 (1/4),96 (f)
63,0.2479166666666666 (~1/4),0.25 (1/4),96 (f)
58,0.9979166666666668 (~1),0.25 (1/4),96 (f)
56,0.2479166666666666 (~1/4),0.25 (1/4),96 (f)
46,0.2479166666666666 (~1/4),0.25 (1/4),96 (f)
44,0.2479166666666666 (~1/4),0.25 (1/4),96 (f)
63,1.25 (~9/8),0.25 (1/4),96 (f)
44,0.2479166666666666 (~1/4),0.25 (1/4),96 (f)
46,0.2479166666666666 (~1/4),0.25 (1/4),96 (f)
56,0.2479166666666666 (~1/4),0.25 (1/4),96 (f)
58,0.2479166666666666 (~1/4),0.25 (1/4),96 (f)
63,1.0 (1),0.25 (1/4),96 (f)
51,0.2479166666666666 (~1/4),0.25 (1/4),96 (f)
56,0.2479166666666666 (~1/4),0.25 (1/4),96 (f)
58,0.2479166666666666 (~1/4),0.25 (1/4),96 (f)
63,1.5 (~9/8),0.25 (1/4),96 (f)
68,0.2479166666666666 (~1/4),0.25 (1/4),96 (f)
70,0.2479166666666666 (~1/4),0.25 (1/4),96 (f)
75,0.2479166666666666 (~1/4),0.25 (1/4),96 (f)
70,0.2479166666666666 (~1/4),0.25 (1/4),96 (f)
68,0.2479166666666666 (~1/4),0.25 (1/4),96 (f)
63,1.0 (1),0.25 (1/4),96 (f)
58,0.2479166666666666 (~1/4),0.25 (1/4),96 (f)
56,0.2479166666666666 (~1/4),0.25 (1/4),96 (f)
51,0.2479166666666666 (~1/4),0.25 (1/4),96 (f)
63,0.7479166666666667 (~3/4),0.25 (1/4),96 (f)
58,0.2479166666666666 (~1/4),0.25 (1/4),96 (f)
56,0.7458333333333332 (~3/4),0.5 (1/2),96 (f)
44,0.2479166666666666 (~1/4),0.25 (1/4),96 (f)
55,0.75 (3/4),0.25 (1/4),96 (f)
43,0.2479166666666666 (~1/4),0.25 (1/4),96 (f)
45,0.2479166666666666 (~1/4),0.25 (1/4),96 (f)
55,1.0 (1),0.25 (1/4),96 (f)
57,0.2479166666666666 (~1/4),0.25 (1/4),96 (f)
62,0.2479166666666666 (~1/4),0.25 (1/4),96 (f)
50,0.2479166666666666 (~1/4),0.25 (1/4),96 (f)
55,2.5 (~9/8),0.25 (1/4),96 (f)
57,0.2479166666666666 (~1/4),0.25 (1/4),96 (f)
62,0.2479166666666666 (~1/4),0.25 (1/4),96 (f)
67,0.2479166666666666 (~1/4),0.25 (1/4),96 (f)
69,0.2479166666666666 (~1/4),0.25 (1/4),96 (f)
74,0.2479166666666666 (~1/4),0.25 (1/4),96 (f)
69,0.2479166666666666 (~1/4),0.25 (1/4),96 (f)
67,0.2479166666666666 (~1/4),0.25 (1/4),96 (f)
62,0.2479166666666666 (~1/4),0.25 (1/4),96 (f)
57,0.2479166666666666 (~1/4),0.25 (1/4),96 (f)
55,1.0 (1),0.25 (1/4),96 (f)
50,0.2479166666666666 (~1/4),0.25 (1/4),96 (f)
62,0.2479166666666666 (~1/4),0.25 (1/4),96 (f)
57,0.2479166666666666 (~1/4),0.25 (1/4),96 (f)
55,0.7479166666666667 (~3/4),0.25 (1/4),96 (f)
45,0.2479166666666666 (~1/4),0.25 (1/4),96 (f)
43,0.2479166666666666 (~1/4),0.25 (1/4),96 (f)
53,5.497916666666667 (~9/8),0.25 (1/4),96 (f)
43,0.2479166666666666 (~1/4),0.25 (1/4),96 (f)
45,0.2479166666666666 (~1/4),0.25 (1/4),96 (f)
55,0.2479166666666666 (~1/4),0.25 (1/4),96 (f)
57,0.2479166666666666 (~1/4),0.25 (1/4),96 (f)
62,0.2479166666666666 (~1/4),0.25 (1/4),96 (f)
50,0.2479166666666666 (~1/4),0.25 (1/4),96 (f)
55,0.2479166666666666 (~1/4),0.25 (1/4),96 (f)
57,0.2479166666666666 (~1/4),0.25 (1/4),96 (f)
62,0.2479166666666666 (~1/4),0.25 (1/4),96 (f)
67,0.2479166666666666 (~1/4),0.25 (1/4),96 (f)
69,0.2479166666666666 (~1/4),0.25 (1/4),96 (f)
74,0.2479166666666666 (~1/4),0.25 (1/4),96 (f)
69,0.2479166666666666 (~1/4),0.25 (1/4),96 (f)
67,0.2479166666666666 (~1/4),0.25 (1/4),96 (f)
62,0.2479166666666666 (~1/4),0.25 (1/4),96 (f)
57,0.2479166666666666 (~1/4),0.25 (1/4),96 (f)
55,0.2479166666666666 (~1/4),0.25 (1/4),96 (f)
50,0.2479166666666666 (~1/4),0.25 (1/4),96 (f)
62,0.2479166666666666 (~1/4),0.25 (1/4),96 (f)
57,0.2479166666666666 (~1/4),0.25 (1/4),96 (f)
55,0.2479166666666666 (~1/4),0.25 (1/4),96 (f)
52,0.4979166666666667 (~1/2),0.25 (1/4),96 (f)
43,0.2479166666666666 (~1/4),0.25 (1/4),96 (f)
50,1.5 (~9/8),0.25 (1/4),96 (f)
40,0.2479166666666666 (~1/4),0.25 (1/4),96 (f)
45,0.2479166666666666 (~1/4),0.25 (1/4),96 (f)
52,0.2479166666666666 (~1/4),0.25 (1/4),96 (f)
57,0.2479166666666666 (~1/4),0.25 (1/4),96 (f)
62,0.2479166666666666 (~1/4),0.25 (1/4),96 (f)
50,3.0 (~9/8),0.25 (1/4),96 (f)
52,0.2479166666666666 (~1/4),0.25 (1/4),96 (f)
57,0.2479166666666666 (~1/4),0.25 (1/4),96 (f)
62,0.2479166666666666 (~1/4),0.25 (1/4),96 (f)
64,0.2479166666666666 (~1/4),0.25 (1/4),96 (f)
69,0.2479166666666666 (~1/4),0.25 (1/4),96 (f)
74,0.2479166666666666 (~1/4),0.25 (1/4),96 (f)
69,0.2479166666666666 (~1/4),0.25 (1/4),96 (f)
64,0.2479166666666666 (~1/4),0.25 (1/4),96 (f)
62,0.2479166666666666 (~1/4),0.25 (1/4),96 (f)
57,0.2479166666666666 (~1/4),0.25 (1/4),96 (f)
52,0.2479166666666666 (~1/4),0.25 (1/4),96 (f)
50,1.4979166666666666 (~9/8),0.25 (1/4),96 (f)
62,0.2479166666666666 (~1/4),0.25 (1/4),96 (f)
57,0.2479166666666666 (~1/4),0.25 (1/4),96 (f)
52,0.2479166666666666 (~1/4),0.25 (1/4),96 (f)
45,0.2479166666666666 (~1/4),0.25 (1/4),96 (f)
40,0.2479166666666666 (~1/4),0.25 (1/4),96 (f)
48,1.5 (~9/8),0.25 (1/4),96 (f)
38,0.2479166666666666 (~1/4),0.25 (1/4),96 (f)
45,0.2479166666666666 (~1/4),0.25 (1/4),96 (f)
50,0.2479166666666666 (~1/4),0.25 (1/4),96 (f)
57,0.2479166666666666 (~1/4),0.25 (1/4),96 (f)
60,0.2479166666666666 (~1/4),0.25 (1/4),96 (f)
48,3.0 (~9/8),0.25 (1/4),96 (f)
50,0.2479166666666666 (~1/4),0.25 (1/4),96 (f)
57,0.2479166666666666 (~1/4),0.25 (1/4),96 (f)
60,0.2479166666666666 (~1/4),0.25 (1/4),96 (f)
62,0.2479166666666666 (~1/4),0.25 (1/4),96 (f)
69,0.2479166666666666 (~1/4),0.25 (1/4),96 (f)
72,0.2479166666666666 (~1/4),0.25 (1/4),96 (f)
69,0.2479166666666666 (~1/4),0.25 (1/4),96 (f)
62,0.2479166666666666 (~1/4),0.25 (1/4),96 (f)
60,0.2479166666666666 (~1/4),0.25 (1/4),96 (f)
57,0.2479166666666666 (~1/4),0.25 (1/4),96 (f)
50,0.2479166666666666 (~1/4),0.25 (1/4),96 (f)
48,1.4979166666666666 (~9/8),0.25 (1/4),96 (f)
60,0.2479166666666666 (~1/4),0.25 (1/4),96 (f)
57,0.2479166666666666 (~1/4),0.25 (1/4),96 (f)
50,0.2479166666666666 (~1/4),0.25 (1/4),96 (f)
45,0.2479166666666666 (~1/4),0.25 (1/4),96 (f)
38,0.2479166666666666 (~1/4),0.25 (1/4),96 (f)
53,0.75 (3/4),0.25 (1/4),96 (f)
41,0.2479166666666666 (~1/4),0.25 (1/4),96 (f)
46,0.2479166666666666 (~1/4),0.25 (1/4),96 (f)
53,1.0 (1),0.25 (1/4),96 (f)
58,0.2479166666666666 (~1/4),0.25 (1/4),96 (f)
60,0.2479166666666666 (~1/4),0.25 (1/4),96 (f)
48,0.2479166666666666 (~1/4),0.25 (1/4),96 (f)
53,2.5 (~9/8),0.25 (1/4),96 (f)
58,0.2479166666666666 (~1/4),0.25 (1/4),96 (f)
60,0.2479166666666666 (~1/4),0.25 (1/4),96 (f)
65,0.2479166666666666 (~1/4),0.25 (1/4),96 (f)
70,0.2479166666666666 (~1/4),0.25 (1/4),96 (f)
72,0.2479166666666666 (~1/4),0.25 (1/4),96 (f)
70,0.2479166666666666 (~1/4),0.25 (1/4),96 (f)
65,0.2479166666666666 (~1/4),0.25 (1/4),96 (f)
60,0.2479166666666666 (~1/4),0.25 (1/4),96 (f)
58,0.2479166666666666 (~1/4),0.25 (1/4),96 (f)
53,1.0 (1),0.25 (1/4),96 (f)
48,0.2479166666666666 (~1/4),0.25 (1/4),96 (f)
60,0.2479166666666666 (~1/4),0.25 (1/4),96 (f)
58,0.2479166666666666 (~1/4),0.25 (1/4),96 (f)
53,0.7479166666666667 (~3/4),0.25 (1/4),96 (f)
46,0.2479166666666666 (~1/4),0.25 (1/4),96 (f)
41,0.2479166666666666 (~1/4),0.25 (1/4),96 (f)
58,1.0 (1),0.25 (1/4),96 (f)
41,0.2479166666666666 (~1/4),0.25 (1/4),96 (f)
46,0.2479166666666666 (~1/4),0.25 (1/4),96 (f)
53,0.2479166666666666 (~1/4),0.25 (1/4),96 (f)
58,1.0 (1),0.25 (1/4),96 (f)
60,0.2479166666666666 (~1/4),0.25 (1/4),96 (f)
48,0.2479166666666666 (~1/4),0.25 (1/4),96 (f)
53,0.2479166666666666 (~1/4),0.25 (1/4),96 (f)
58,2.0 (~9/8),0.25 (1/4),96 (f)
60,0.2479166666666666 (~1/4),0.25 (1/4),96 (f)
65,0.2479166666666666 (~1/4),0.25 (1/4),96 (f)
70,0.2479166666666666 (~1/4),0.25 (1/4),96 (f)
72,0.2479166666666666 (~1/4),0.25 (1/4),96 (f)
70,0.2479166666666666 (~1/4),0.25 (1/4),96 (f)
65,0.2479166666666666 (~1/4),0.25 (1/4),96 (f)
60,0.2479166666666666 (~1/4),0.25 (1/4),96 (f)
58,1.0 (1),0.25 (1/4),96 (f)
53,0.2479166666666666 (~1/4),0.25 (1/4),96 (f)
48,0.2479166666666666 (~1/4),0.25 (1/4),96 (f)
60,0.2479166666666666 (~1/4),0.25 (1/4),96 (f)
58,0.4979166666666667 (~1/2),0.25 (1/4),96 (f)
53,0.2479166666666666 (~1/4),0.25 (1/4),96 (f)
63,0.4979166666666667 (~1/2),0.25 (1/4),96 (f)
41,0.2479166666666666 (~1/4),0.25 (1/4),96 (f)
56,0.75 (3/4),0.25 (1/4),96 (f)
44,0.2479166666666666 (~1/4),0.25 (1/4),96 (f)
46,0.2479166666666666 (~1/4),0.25 (1/4),96 (f)
56,1.0 (1),0.25 (1/4),96 (f)
58,0.2479166666666666 (~1/4),0.25 (1/4),96 (f)
63,0.2479166666666666 (~1/4),0.25 (1/4),96 (f)
51,0.2479166666666666 (~1/4),0.25 (1/4),96 (f)
56,2.5 (~9/8),0.25 (1/4),96 (f)
58,0.2479166666666666 (~1/4),0.25 (1/4),96 (f)
63,0.2479166666666666 (~1/4),0.25 (1/4),96 (f)
68,0.2479166666666666 (~1/4),0.25 (1/4),96 (f)
70,0.2479166666666666 (~1/4),0.25 (1/4),96 (f)
75,0.2479166666666666 (~1/4),0.25 (1/4),96 (f)
70,0.2479166666666666 (~1/4),0.25 (1/4),96 (f)
68,0.2479166666666666 (~1/4),0.25 (1/4),96 (f)
63,0.2479166666666666 (~1/4),0.25 (1/4),96 (f)
58,0.2479166666666666 (~1/4),0.25 (1/4),96 (f)
56,1.0 (1),0.25 (1/4),96 (f)
51,0.2479166666666666 (~1/4),0.25 (1/4),96 (f)
63,0.2479166666666666 (~1/4),0.25 (1/4),96 (f)
58,0.2479166666666666 (~1/4),0.25 (1/4),96 (f)
56,0.7479166666666667 (~3/4),0.25 (1/4),96 (f)
46,0.2479166666666666 (~1/4),0.25 (1/4),96 (f)
44,0.2479166666666666 (~1/4),0.25 (1/4),96 (f)
61,5.997916666666667 (~9/8),0.25 (1/4),96 (f)
44,0.2479166666666666 (~1/4),0.25 (1/4),96 (f)
46,0.2479166666666666 (~1/4),0.25 (1/4),96 (f)
56,0.2479166666666666 (~1/4),0.25 (1/4),96 (f)
58,0.2479166666666666 (~1/4),0.25 (1/4),96 (f)
63,0.2479166666666666 (~1/4),0.25 (1/4),96 (f)
51,0.2479166666666666 (~1/4),0.25 (1/4),96 (f)
56,0.2479166666666666 (~1/4),0.25 (1/4),96 (f)
58,0.2479166666666666 (~1/4),0.25 (1/4),96 (f)
63,0.2479166666666666 (~1/4),0.25 (1/4),96 (f)
68,0.2479166666666666 (~1/4),0.25 (1/4),96 (f)
70,0.2479166666666666 (~1/4),0.25 (1/4),96 (f)
75,0.2479166666666666 (~1/4),0.25 (1/4),96 (f)
70,0.2479166666666666 (~1/4),0.25 (1/4),96 (f)
68,0.2479166666666666 (~1/4),0.25 (1/4),96 (f)
63,0.2479166666666666 (~1/4),0.25 (1/4),96 (f)
58,0.2479166666666666 (~1/4),0.25 (1/4),96 (f)
56,0.2479166666666666 (~1/4),0.25 (1/4),96 (f)
51,0.2479166666666666 (~1/4),0.25 (1/4),96 (f)
63,0.2479166666666666 (~1/4),0.25 (1/4),96 (f)
58,0.2479166666666666 (~1/4),0.25 (1/4),96 (f)
56,0.2479166666666666 (~1/4),0.25 (1/4),96 (f)
46,0.2479166666666666 (~1/4),0.25 (1/4),96 (f)
44,0.2479166666666666 (~1/4),0.25 (1/4),96 (f)
62,1.5 (~9/8),0.25 (1/4),96 (f)
43,0.2479166666666666 (~1/4),0.25 (1/4),96 (f)
45,0.2479166666666666 (~1/4),0.25 (1/4),96 (f)
50,1.5 (~9/8),0.25 (1/4),96 (f)
55,1.0 (1),0.25 (1/4),96 (f)
57,0.2479166666666666 (~1/4),0.25 (1/4),96 (f)
62,1.4979166666666666 (~9/8),0.25 (1/4),96 (f)
57,0.2479166666666666 (~1/4),0.25 (1/4),96 (f)
55,0.9979166666666668 (~1),0.25 (1/4),96 (f)
50,0.7479166666666667 (~3/4),0.25 (1/4),96 (f)
45,0.2479166666666666 (~1/4),0.25 (1/4),96 (f)
43,0.2479166666666666 (~1/4),0.25 (1/4),96 (f)
64,1.9979166666666663 (~9/8),0.25 (1/4),96 (f)
43,0.2479166666666666 (~1/4),0.25 (1/4),96 (f)
45,0.2479166666666666 (~1/4),0.25 (1/4),96 (f)
50,0.2479166666666666 (~1/4),0.25 (1/4),96 (f)
55,0.2479166666666666 (~1/4),0.25 (1/4),96 (f)
57,0.2479166666666666 (~1/4),0.25 (1/4),96 (f)
62,0.2479166666666666 (~1/4),0.25 (1/4),96 (f)
57,0.2479166666666666 (~1/4),0.25 (1/4),96 (f)
67,0.9979166666666668 (~1),0.25 (1/4),96 (f)
50,0.2479166666666666 (~1/4),0.25 (1/4),96 (f)
45,0.2479166666666666 (~1/4),0.25 (1/4),96 (f)
43,0.2479166666666666 (~1/4),0.25 (1/4),96 (f)
69,2.997916666666667 (~9/8),0.25 (1/4),96 (f)
43,0.2479166666666666 (~1/4),0.25 (1/4),96 (f)
45,0.2479166666666666 (~1/4),0.25 (1/4),96 (f)
50,0.2479166666666666 (~1/4),0.25 (1/4),96 (f)
55,0.2479166666666666 (~1/4),0.25 (1/4),96 (f)
57,0.2479166666666666 (~1/4),0.25 (1/4),96 (f)
62,0.2479166666666666 (~1/4),0.25 (1/4),96 (f)
57,0.2479166666666666 (~1/4),0.25 (1/4),96 (f)
55,0.2479166666666666 (~1/4),0.25 (1/4),96 (f)
50,0.2479166666666666 (~1/4),0.25 (1/4),96 (f)
45,0.2479166666666666 (~1/4),0.25 (1/4),96 (f)
43,0.2479166666666666 (~1/4),0.25 (1/4),96 (f)
74,1.9979166666666663 (~9/8),0.25 (1/4),96 (f)
43,0.2479166666666666 (~1/4),0.25 (1/4),96 (f)
45,0.2479166666666666 (~1/4),0.25 (1/4),96 (f)
50,0.2479166666666666 (~1/4),0.25 (1/4),96 (f)
55,0.2479166666666666 (~1/4),0.25 (1/4),96 (f)
57,0.2479166666666666 (~1/4),0.25 (1/4),96 (f)
62,0.2479166666666666 (~1/4),0.25 (1/4),96 (f)
57,0.2479166666666666 (~1/4),0.25 (1/4),96 (f)
72,0.9979166666666668 (~1),0.25 (1/4),96 (f)
50,0.2479166666666666 (~1/4),0.25 (1/4),96 (f)
45,0.2479166666666666 (~1/4),0.25 (1/4),96 (f)
43,0.2479166666666666 (~1/4),0.25 (1/4),96 (f)
70,2.997916666666667 (~9/8),0.25 (1/4),96 (f)
44,0.2479166666666666 (~1/4),0.25 (1/4),96 (f)
46,0.2479166666666666 (~1/4),0.25 (1/4),96 (f)
51,0.2479166666666666 (~1/4),0.25 (1/4),96 (f)
56,0.2479166666666666 (~1/4),0.25 (1/4),96 (f)
58,0.2479166666666666 (~1/4),0.25 (1/4),96 (f)
63,0.2479166666666666 (~1/4),0.25 (1/4),96 (f)
58,0.2479166666666666 (~1/4),0.25 (1/4),96 (f)
56,0.2479166666666666 (~1/4),0.25 (1/4),96 (f)
51,0.2479166666666666 (~1/4),0.25 (1/4),96 (f)
46,0.2479166666666666 (~1/4),0.25 (1/4),96 (f)
44,0.2479166666666666 (~1/4),0.25 (1/4),96 (f)
68,1.9979166666666663 (~9/8),0.25 (1/4),96 (f)
44,0.2479166666666666 (~1/4),0.25 (1/4),96 (f)
46,0.2479166666666666 (~1/4),0.25 (1/4),96 (f)
51,0.2479166666666666 (~1/4),0.25 (1/4),96 (f)
56,0.2479166666666666 (~1/4),0.25 (1/4),96 (f)
58,0.5 (1/2),0.25 (1/4),96 (f)
63,0.4979166666666667 (~1/2),0.25 (1/4),96 (f)
58,0.2479166666666666 (~1/4),0.25 (1/4),96 (f)
70,0.9979166666666668 (~1),0.25 (1/4),96 (f)
51,0.2479166666666666 (~1/4),0.25 (1/4),96 (f)
46,0.2479166666666666 (~1/4),0.25 (1/4),96 (f)
44,0.2479166666666666 (~1/4),0.25 (1/4),96 (f)
67,2.997916666666667 (~9/8),0.25 (1/4),96 (f)
43,0.2479166666666666 (~1/4),0.25 (1/4),96 (f)
45,0.2479166666666666 (~1/4),0.25 (1/4),96 (f)
50,0.2479166666666666 (~1/4),0.25 (1/4),96 (f)
55,0.2479166666666666 (~1/4),0.25 (1/4),96 (f)
57,0.5 (1/2),0.25 (1/4),96 (f)
62,1.4979166666666666 (~9/8),0.25 (1/4),96 (f)
57,1.2479166666666666 (~9/8),0.25 (1/4),96 (f)
55,0.2479166666666666 (~1/4),0.25 (1/4),96 (f)
50,0.2479166666666666 (~1/4),0.25 (1/4),96 (f)
45,0.2479166666666666 (~1/4),0.25 (1/4),96 (f)
43,0.2479166666666666 (~1/4),0.25 (1/4),96 (f)
71,1.9979166666666663 (~9/8),0.25 (1/4),96 (f)
43,0.2479166666666666 (~1/4),0.25 (1/4),96 (f)
45,0.2479166666666666 (~1/4),0.25 (1/4),96 (f)
50,0.2479166666666666 (~1/4),0.25 (1/4),96 (f)
55,0.2479166666666666 (~1/4),0.25 (1/4),96 (f)
57,0.2479166666666666 (~1/4),0.25 (1/4),96 (f)
62,0.2479166666666666 (~1/4),0.25 (1/4),96 (f)
57,0.2479166666666666 (~1/4),0.25 (1/4),96 (f)
67,0.9979166666666668 (~1),0.25 (1/4),96 (f)
50,0.2479166666666666 (~1/4),0.25 (1/4),96 (f)
45,0.2479166666666666 (~1/4),0.25 (1/4),96 (f)
43,0.2479166666666666 (~1/4),0.25 (1/4),96 (f)
65,2.997916666666667 (~9/8),0.25 (1/4),96 (f)
44,0.2479166666666666 (~1/4),0.25 (1/4),96 (f)
46,0.2479166666666666 (~1/4),0.25 (1/4),96 (f)
51,0.2479166666666666 (~1/4),0.25 (1/4),96 (f)
56,0.2479166666666666 (~1/4),0.25 (1/4),96 (f)
58,0.2479166666666666 (~1/4),0.25 (1/4),96 (f)
63,0.2479166666666666 (~1/4),0.25 (1/4),96 (f)
58,0.2479166666666666 (~1/4),0.25 (1/4),96 (f)
56,0.2479166666666666 (~1/4),0.25 (1/4),96 (f)
51,0.2479166666666666 (~1/4),0.25 (1/4),96 (f)
46,0.2479166666666666 (~1/4),0.25 (1/4),96 (f)
44,0.2479166666666666 (~1/4),0.25 (1/4),96 (f)
70,1.9979166666666663 (~9/8),0.25 (1/4),96 (f)
44,0.2479166666666666 (~1/4),0.25 (1/4),96 (f)
46,0.2479166666666666 (~1/4),0.25 (1/4),96 (f)
51,0.2479166666666666 (~1/4),0.25 (1/4),96 (f)
56,0.2479166666666666 (~1/4),0.25 (1/4),96 (f)
58,0.2479166666666666 (~1/4),0.25 (1/4),96 (f)
63,0.2479166666666666 (~1/4),0.25 (1/4),96 (f)
58,0.2479166666666666 (~1/4),0.25 (1/4),96 (f)
65,0.9979166666666668 (~1),0.25 (1/4),96 (f)
51,0.2479166666666666 (~1/4),0.25 (1/4),96 (f)
46,0.2479166666666666 (~1/4),0.25 (1/4),96 (f)
44,0.2479166666666666 (~1/4),0.25 (1/4),96 (f)
63,1.5 (~9/8),0.25 (1/4),96 (f)
44,0.2479166666666666 (~1/4),0.25 (1/4),96 (f)
46,0.2479166666666666 (~1/4),0.25 (1/4),96 (f)
51,0.2479166666666666 (~1/4),0.25 (1/4),96 (f)
56,0.2479166666666666 (~1/4),0.25 (1/4),96 (f)
58,0.5 (1/2),0.25 (1/4),96 (f)
63,1.4979166666666666 (~9/8),0.25 (1/4),96 (f)
58,1.2479166666666666 (~9/8),0.25 (1/4),96 (f)
56,0.2479166666666666 (~1/4),0.25 (1/4),96 (f)
51,0.2479166666666666 (~1/4),0.25 (1/4),96 (f)
46,0.2479166666666666 (~1/4),0.25 (1/4),96 (f)
44,0.2479166666666666 (~1/4),0.25 (1/4),96 (f)
68,1.9979166666666663 (~9/8),0.25 (1/4),96 (f)
44,0.2479166666666666 (~1/4),0.25 (1/4),96 (f)
46,0.2479166666666666 (~1/4),0.25 (1/4),96 (f)
51,0.2479166666666666 (~1/4),0.25 (1/4),96 (f)
56,0.2479166666666666 (~1/4),0.25 (1/4),96 (f)
58,0.2479166666666666 (~1/4),0.25 (1/4),96 (f)
63,0.4979166666666667 (~1/2),0.25 (1/4),96 (f)
58,0.2479166666666666 (~1/4),0.25 (1/4),96 (f)
63,0.9979166666666668 (~1),0.25 (1/4),96 (f)
51,0.2479166666666666 (~1/4),0.25 (1/4),96 (f)
46,0.2479166666666666 (~1/4),0.25 (1/4),96 (f)
44,0.2479166666666666 (~1/4),0.25 (1/4),96 (f)
62,0.8333333333333334 (~7/8),0.16666666666666666 (~3/16),96 (f)
43,0.1645833333333333 (~3/16),0.16666666666666666 (~3/16),96 (f)
45,0.1645833333333333 (~3/16),0.16666666666666666 (~3/16),96 (f)
55,0.1645833333333333 (~3/16),0.16666666666666666 (~3/16),96 (f)
57,0.6666666666666666 (~3/4),0.16666666666666666 (~3/16),96 (f)
62,1.1666666666666667 (~9/8),0.16666666666666666 (~3/16),96 (f)
50,0.1645833333333333 (~3/16),0.16666666666666666 (~3/16),96 (f)
55,0.1645833333333333 (~3/16),0.16666666666666666 (~3/16),96 (f)
57,2.6645833333333333 (~9/8),0.16666666666666666 (~3/16),96 (f)
67,0.1645833333333333 (~3/16),0.16666666666666666 (~3/16),96 (f)
69,0.1645833333333333 (~3/16),0.16666666666666666 (~3/16),96 (f)
74,0.1645833333333333 (~3/16),0.16666666666666666 (~3/16),96 (f)
62,1.9979166666666663 (~9/8),0.16666666666666666 (~3/16),96 (f)
67,0.1645833333333333 (~3/16),0.16666666666666666 (~3/16),96 (f)
69,0.1645833333333333 (~3/16),0.16666666666666666 (~3/16),96 (f)
79,0.1645833333333333 (~3/16),0.16666666666666666 (~3/16),96 (f)
81,0.1645833333333333 (~3/16),0.16666666666666666 (~3/16),96 (f)
86,0.1645833333333333 (~3/16),0.16666666666666666 (~3/16),96 (f)
81,0.1979166666666666 (~3/16),0.2 (~3/16),96 (f)
79,0.1979166666666666 (~3/16),0.2 (~3/16),96 (f)
74,0.1979166666666666 (~3/16),0.2 (~3/16),96 (f)
69,0.1979166666666666 (~3/16),0.2 (~3/16),96 (f)
67,0.1979166666666666 (~3/16),0.2 (~3/16),96 (f)
74,0.1645833333333333 (~3/16),0.16666666666666666 (~3/16),96 (f)
69,0.1645833333333333 (~3/16),0.16666666666666666 (~3/16),96 (f)
67,0.1645833333333333 (~3/16),0.16666666666666666 (~3/16),96 (f)
62,0.1645833333333333 (~3/16),0.16666666666666666 (~3/16),96 (f)
57,0.1645833333333333 (~3/16),0.16666666666666666 (~3/16),96 (f)
55,0.1645833333333333 (~3/16),0.16666666666666666 (~3/16),96 (f)
53,2.997916666666667 (~9/8),0.25 (1/4),49 (ppp)
55,0.2479166666666666 (~1/4),0.25 (1/4),49 (ppp)
56,0.2479166666666666 (~1/4),0.25 (1/4),49 (ppp)
62,0.2479166666666666 (~1/4),0.25 (1/4),49 (ppp)
67,0.2479166666666666 (~1/4),0.25 (1/4),49 (ppp)
68,0.2479166666666666 (~1/4),0.25 (1/4),49 (ppp)
74,0.2479166666666666 (~1/4),0.25 (1/4),49 (ppp)
68,0.2479166666666666 (~1/4),0.25 (1/4),49 (ppp)
67,0.2479166666666666 (~1/4),0.25 (1/4),49 (ppp)
62,0.2479166666666666 (~1/4),0.25 (1/4),49 (ppp)
56,0.4979166666666667 (~1/2),0.25 (1/4),49 (ppp)
55,0.2479166666666666 (~1/4),0.25 (1/4),49 (ppp)
51,2.997916666666667 (~9/8),0.25 (1/4),49 (ppp)
55,0.2479166666666666 (~1/4),0.25 (1/4),49 (ppp)
56,0.2479166666666666 (~1/4),0.25 (1/4),49 (ppp)
62,0.2479166666666666 (~1/4),0.25 (1/4),49 (ppp)
67,0.2479166666666666 (~1/4),0.25 (1/4),49 (ppp)
68,0.2479166666666666 (~1/4),0.25 (1/4),49 (ppp)
74,0.2479166666666666 (~1/4),0.25 (1/4),49 (ppp)
68,0.2479166666666666 (~1/4),0.25 (1/4),49 (ppp)
67,0.2479166666666666 (~1/4),0.25 (1/4),49 (ppp)
62,0.2479166666666666 (~1/4),0.25 (1/4),49 (ppp)
56,0.4979166666666667 (~1/2),0.25 (1/4),49 (ppp)
55,0.2479166666666666 (~1/4),0.25 (1/4),49 (ppp)
47,2.997916666666667 (~9/8),0.25 (1/4),49 (ppp)
55,0.2479166666666666 (~1/4),0.25 (1/4),49 (ppp)
56,0.2479166666666666 (~1/4),0.25 (1/4),49 (ppp)
62,0.2479166666666666 (~1/4),0.25 (1/4),49 (ppp)
67,0.2479166666666666 (~1/4),0.25 (1/4),49 (ppp)
68,0.2479166666666666 (~1/4),0.25 (1/4),49 (ppp)
74,0.2479166666666666 (~1/4),0.25 (1/4),49 (ppp)
68,0.2479166666666666 (~1/4),0.25 (1/4),49 (ppp)
67,0.2479166666666666 (~1/4),0.25 (1/4),49 (ppp)
62,0.2479166666666666 (~1/4),0.25 (1/4),49 (ppp)
56,0.4979166666666667 (~1/2),0.25 (1/4),49 (ppp)
55,0.2479166666666666 (~1/4),0.25 (1/4),49 (ppp)
50,1.0 (1),0.25 (1/4),49 (ppp)
55,0.2479166666666666 (~1/4),0.25 (1/4),49 (ppp)
56,0.2479166666666666 (~1/4),0.25 (1/4),49 (ppp)
62,0.2479166666666666 (~1/4),0.25 (1/4),49 (ppp)
67,0.2479166666666666 (~1/4),0.25 (1/4),49 (ppp)
68,0.2479166666666666 (~1/4),0.25 (1/4),49 (ppp)
74,0.2479166666666666 (~1/4),0.25 (1/4),49 (ppp)
68,0.2479166666666666 (~1/4),0.25 (1/4),49 (ppp)
67,0.2479166666666666 (~1/4),0.25 (1/4),49 (ppp)
62,0.2479166666666666 (~1/4),0.25 (1/4),49 (ppp)
56,0.4979166666666667 (~1/2),0.25 (1/4),49 (ppp)
55,0.2479166666666666 (~1/4),0.25 (1/4),49 (ppp)
53,2.997916666666667 (~9/8),0.25 (1/4),49 (ppp)
55,0.2479166666666666 (~1/4),0.25 (1/4),49 (ppp)
56,0.2479166666666666 (~1/4),0.25 (1/4),49 (ppp)
62,0.2479166666666666 (~1/4),0.25 (1/4),49 (ppp)
67,0.2479166666666666 (~1/4),0.25 (1/4),49 (ppp)
68,0.2479166666666666 (~1/4),0.25 (1/4),49 (ppp)
74,0.2479166666666666 (~1/4),0.25 (1/4),49 (ppp)
68,0.2479166666666666 (~1/4),0.25 (1/4),49 (ppp)
67,0.2479166666666666 (~1/4),0.25 (1/4),49 (ppp)
62,0.2479166666666666 (~1/4),0.25 (1/4),49 (ppp)
56,0.4979166666666667 (~1/2),0.25 (1/4),49 (ppp)
55,0.2479166666666666 (~1/4),0.25 (1/4),49 (ppp)
51,2.997916666666667 (~9/8),0.25 (1/4),49 (ppp)
55,0.2479166666666666 (~1/4),0.25 (1/4),49 (ppp)
56,0.2479166666666666 (~1/4),0.25 (1/4),49 (ppp)
62,0.2479166666666666 (~1/4),0.25 (1/4),49 (ppp)
67,0.2479166666666666 (~1/4),0.25 (1/4),49 (ppp)
68,0.2479166666666666 (~1/4),0.25 (1/4),49 (ppp)
74,0.2479166666666666 (~1/4),0.25 (1/4),49 (ppp)
68,0.2479166666666666 (~1/4),0.25 (1/4),49 (ppp)
67,0.2479166666666666 (~1/4),0.25 (1/4),49 (ppp)
62,0.2479166666666666 (~1/4),0.25 (1/4),49 (ppp)
56,0.4979166666666667 (~1/2),0.25 (1/4),49 (ppp)
55,0.2479166666666666 (~1/4),0.25 (1/4),49 (ppp)
47,2.997916666666667 (~9/8),0.25 (1/4),49 (ppp)
55,0.2479166666666666 (~1/4),0.25 (1/4),49 (ppp)
56,0.2479166666666666 (~1/4),0.25 (1/4),49 (ppp)
62,0.2479166666666666 (~1/4),0.25 (1/4),49 (ppp)
67,0.2479166666666666 (~1/4),0.25 (1/4),49 (ppp)
68,0.2479166666666666 (~1/4),0.25 (1/4),49 (ppp)
74,0.2479166666666666 (~1/4),0.25 (1/4),49 (ppp)
68,0.2479166666666666 (~1/4),0.25 (1/4),49 (ppp)
67,0.2479166666666666 (~1/4),0.25 (1/4),49 (ppp)
62,0.2479166666666666 (~1/4),0.25 (1/4),49 (ppp)
56,0.4979166666666667 (~1/2),0.25 (1/4),49 (ppp)
55,0.2479166666666666 (~1/4),0.25 (1/4),49 (ppp)
50,1.0 (1),0.25 (1/4),49 (ppp)
55,0.2479166666666666 (~1/4),0.25 (1/4),49 (ppp)
56,0.2479166666666666 (~1/4),0.25 (1/4),49 (ppp)
62,0.2479166666666666 (~1/4),0.25 (1/4),49 (ppp)
67,0.2479166666666666 (~1/4),0.25 (1/4),49 (ppp)
68,0.2479166666666666 (~1/4),0.25 (1/4),49 (ppp)
74,0.2479166666666666 (~1/4),0.25 (1/4),49 (ppp)
68,0.2479166666666666 (~1/4),0.25 (1/4),49 (ppp)
67,0.2479166666666666 (~1/4),0.25 (1/4),49 (ppp)
62,0.2479166666666666 (~1/4),0.25 (1/4),49 (ppp)
56,0.4979166666666667 (~1/2),0.25 (1/4),49 (ppp)
55,0.2479166666666666 (~1/4),0.25 (1/4),49 (ppp)
51,2.997916666666667 (~9/8),0.25 (1/4),49 (ppp)
55,0.2479166666666666 (~1/4),0.25 (1/4),49 (ppp)
56,0.2479166666666666 (~1/4),0.25 (1/4),49 (ppp)
62,0.2479166666666666 (~1/4),0.25 (1/4),49 (ppp)
67,0.2479166666666666 (~1/4),0.25 (1/4),49 (ppp)
68,0.2479166666666666 (~1/4),0.25 (1/4),49 (ppp)
74,0.2479166666666666 (~1/4),0.25 (1/4),49 (ppp)
68,0.2479166666666666 (~1/4),0.25 (1/4),49 (ppp)
67,0.2479166666666666 (~1/4),0.25 (1/4),49 (ppp)
62,0.2479166666666666 (~1/4),0.25 (1/4),49 (ppp)
56,0.4979166666666667 (~1/2),0.25 (1/4),49 (ppp)
55,0.2479166666666666 (~1/4),0.25 (1/4),49 (ppp)
48,2.997916666666667 (~9/8),0.25 (1/4),49 (ppp)
55,0.2479166666666666 (~1/4),0.25 (1/4),49 (ppp)
56,0.2479166666666666 (~1/4),0.25 (1/4),49 (ppp)
62,0.2479166666666666 (~1/4),0.25 (1/4),49 (ppp)
67,0.2479166666666666 (~1/4),0.25 (1/4),49 (ppp)
68,0.2479166666666666 (~1/4),0.25 (1/4),49 (ppp)
74,0.2479166666666666 (~1/4),0.25 (1/4),49 (ppp)
68,0.2479166666666666 (~1/4),0.25 (1/4),49 (ppp)
67,0.2479166666666666 (~1/4),0.25 (1/4),49 (ppp)
62,0.2479166666666666 (~1/4),0.25 (1/4),49 (ppp)
56,0.4979166666666667 (~1/2),0.25 (1/4),49 (ppp)
55,0.2479166666666666 (~1/4),0.25 (1/4),49 (ppp)
50,1.0 (1),0.25 (1/4),49 (ppp)
55,0.2479166666666666 (~1/4),0.25 (1/4),49 (ppp)
56,0.2479166666666666 (~1/4),0.25 (1/4),49 (ppp)
62,0.2479166666666666 (~1/4),0.25 (1/4),49 (ppp)
67,0.2479166666666666 (~1/4),0.25 (1/4),49 (ppp)
68,0.2479166666666666 (~1/4),0.25 (1/4),49 (ppp)
74,0.2479166666666666 (~1/4),0.25 (1/4),49 (ppp)
68,0.2479166666666666 (~1/4),0.25 (1/4),49 (ppp)
67,0.2479166666666666 (~1/4),0.25 (1/4),49 (ppp)
62,0.2479166666666666 (~1/4),0.25 (1/4),49 (ppp)
56,0.4979166666666667 (~1/2),0.25 (1/4),49 (ppp)
55,0.2479166666666666 (~1/4),0.25 (1/4),49 (ppp)
44,2.997916666666667 (~9/8),0.25 (1/4),49 (ppp)
55,0.2479166666666666 (~1/4),0.25 (1/4),49 (ppp)
56,0.2479166666666666 (~1/4),0.25 (1/4),49 (ppp)
62,0.2479166666666666 (~1/4),0.25 (1/4),49 (ppp)
67,0.2479166666666666 (~1/4),0.25 (1/4),49 (ppp)
68,0.2479166666666666 (~1/4),0.25 (1/4),49 (ppp)
74,0.2479166666666666 (~1/4),0.25 (1/4),49 (ppp)
68,0.2479166666666666 (~1/4),0.25 (1/4),49 (ppp)
67,0.2479166666666666 (~1/4),0.25 (1/4),49 (ppp)
62,0.2479166666666666 (~1/4),0.25 (1/4),49 (ppp)
56,0.4979166666666667 (~1/2),0.25 (1/4),49 (ppp)
55,0.2479166666666666 (~1/4),0.25 (1/4),49 (ppp)
43,2.997916666666667 (~9/8),0.25 (1/4),49 (ppp)
55,0.2479166666666666 (~1/4),0.25 (1/4),49 (ppp)
56,0.2479166666666666 (~1/4),0.25 (1/4),56 (pp)
62,0.2479166666666666 (~1/4),0.25 (1/4),63 (p)
57,0.9979166666666668 (~1),0.25 (1/4),70 (p)
67,0.2479166666666666 (~1/4),0.25 (1/4),77 (mp)
68,0.2479166666666666 (~1/4),0.25 (1/4),84 (mf)
74,0.2479166666666666 (~1/4),0.25 (1/4),91 (f)
69,0.9979166666666668 (~1),0.25 (1/4),98 (f)
79,0.2479166666666666 (~1/4),0.25 (1/4),105 (ff)
80,0.2479166666666666 (~1/4),0.25 (1/4),112 (fff)
86,0.2479166666666666 (~1/4),0.25 (1/4),119 (fff)
98,0.9979166666666668 (~1),2.0 (~9/8),126 (ffff)
100,0.4979166666666667 (~1/2),1.0 (1),126 (ffff)
96,0.4979166666666667 (~1/2),1.0 (1),126 (ffff)
98,0.33125 (~1/4),0.6666666666666666 (~3/4),126 (ffff)
100,0.33125 (~1/4),0.6666666666666666 (~3/4),126 (ffff)
103,0.33125 (~1/4),0.6666666666666666 (~3/4),126 (ffff)
105,0.4979166666666667 (~1/2),1.0 (1),126 (ffff)
98,0.4979166666666667 (~1/2),1.0 (1),126 (ffff)
99,0.4979166666666667 (~1/2),1.0 (1),126 (ffff)
96,0.6645833333333333 (~3/4),0.6666666666666666 (~3/4),126 (ffff)
98,0.6645833333333333 (~3/4),0.6666666666666666 (~3/4),126 (ffff)
100,0.6645833333333333 (~3/4),0.6666666666666666 (~3/4),126 (ffff)
103,0.6645833333333333 (~3/4),0.6666666666666666 (~3/4),126 (ffff)
105,0.6645833333333333 (~3/4),0.6666666666666666 (~3/4),126 (ffff)
98,0.6645833333333333 (~3/4),0.6666666666666666 (~3/4),126 (ffff)
100,0.6645833333333333 (~3/4),0.6666666666666666 (~3/4),126 (ffff)
96,0.6645833333333333 (~3/4),0.6666666666666666 (~3/4),126 (ffff)
98,0.6645833333333333 (~3/4),0.6666666666666666 (~3/4),126 (ffff)
91,0.6645833333333333 (~3/4),0.6666666666666666 (~3/4),126 (ffff)
93,0.6645833333333333 (~3/4),0.6666666666666666 (~3/4),126 (ffff)
86,0.6645833333333333 (~3/4),0.6666666666666666 (~3/4),126 (ffff)
88,0.6645833333333333 (~3/4),0.6666666666666666 (~3/4),126 (ffff)
84,0.6645833333333333 (~3/4),0.6666666666666666 (~3/4),126 (ffff)
79,0.6645833333333333 (~3/4),0.6666666666666666 (~3/4),126 (ffff)
81,0.6645833333333333 (~3/4),0.6666666666666666 (~3/4),126 (ffff)
74,0.6645833333333333 (~3/4),0.6666666666666666 (~3/4),126 (ffff)
76,0.6645833333333333 (~3/4),0.6666666666666666 (~3/4),126 (ffff)
72,0.6645833333333333 (~3/4),0.6666666666666666 (~3/4),126 (ffff)
67,0.6645833333333333 (~3/4),0.6666666666666666 (~3/4),126 (ffff)
69,0.6645833333333333 (~3/4),0.6666666666666666 (~3/4),126 (ffff)
62,0.6645833333333333 (~3/4),0.6666666666666666 (~3/4),126 (ffff)
64,0.6645833333333333 (~3/4),0.6666666666666666 (~3/4),126 (ffff)
60,0.6645833333333333 (~3/4),0.6666666666666666 (~3/4),126 (ffff)
55,0.6645833333333333 (~3/4),0.6666666666666666 (~3/4),126 (ffff)
57,0.6645833333333333 (~3/4),0.6666666666666666 (~3/4),126 (ffff)
50,0.6645833333333333 (~3/4),0.6666666666666666 (~3/4),126 (ffff)
52,0.6645833333333333 (~3/4),0.6666666666666666 (~3/4),126 (ffff)
48,0.6645833333333333 (~3/4),0.6666666666666666 (~3/4),126 (ffff)
50,0.6645833333333333 (~3/4),0.6666666666666666 (~3/4),126 (ffff)
52,0.6645833333333333 (~3/4),0.6666666666666666 (~3/4),126 (ffff)
48,0.6645833333333333 (~3/4),0.6666666666666666 (~3/4),126 (ffff)
50,0.6645833333333333 (~3/4),0.6666666666666666 (~3/4),126 (ffff)
52,0.6645833333333333 (~3/4),0.6666666666666666 (~3/4),126 (ffff)
48,0.6645833333333333 (~3/4),0.6666666666666666 (~3/4),126 (ffff)
50,0.6645833333333333 (~3/4),0.6666666666666666 (~3/4),126 (ffff)
52,0.6645833333333333 (~3/4),0.6666666666666666 (~3/4),126 (ffff)
48,0.6645833333333333 (~3/4),0.6666666666666666 (~3/4),126 (ffff)
50,0.6645833333333333 (~3/4),0.6666666666666666 (~3/4),126 (ffff)
52,0.6645833333333333 (~3/4),0.6666666666666666 (~3/4),126 (ffff)
55,0.6645833333333333 (~3/4),0.6666666666666666 (~3/4),126 (ffff)
57,0.6645833333333333 (~3/4),0.6666666666666666 (~3/4),126 (ffff)
62,1.8333333333333333 (~9/8),0.16666666666666666 (~3/16),126 (ffff)
31,0.1645833333333333 (~3/16),0.16666666666666666 (~3/16),126 (ffff)
33,0.1645833333333333 (~3/16),0.16666666666666666 (~3/16),126 (ffff)
43,0.1645833333333333 (~3/16),0.16666666666666666 (~3/16),126 (ffff)
45,0.1645833333333333 (~3/16),0.16666666666666666 (~3/16),126 (ffff)
50,1.1666666666666667 (~9/8),0.16666666666666666 (~3/16),126 (ffff)
38,0.1645833333333333 (~3/16),0.16666666666666666 (~3/16),126 (ffff)
43,0.1645833333333333 (~3/16),0.16666666666666666 (~3/16),126 (ffff)
45,0.1645833333333333 (~3/16),0.16666666666666666 (~3/16),126 (ffff)
55,0.6666666666666666 (~3/4),0.16666666666666666 (~3/16),126 (ffff)
57,0.6666666666666666 (~3/4),0.16666666666666666 (~3/16),126 (ffff)
62,0.6666666666666666 (~3/4),0.16666666666666666 (~3/16),126 (ffff)
50,1.9979166666666663 (~9/8),0.16666666666666666 (~3/16),126 (ffff)
55,1.6666666666666667 (~9/8),0.16666666666666666 (~3/16),126 (ffff)
57,1.3333333333333333 (~9/8),0.16666666666666666 (~3/16),126 (ffff)
62,1.0 (1),0.16666666666666666 (~3/16),126 (ffff)
67,0.1645833333333333 (~3/16),0.16666666666666666 (~3/16),126 (ffff)
69,0.1645833333333333 (~3/16),0.16666666666666666 (~3/16),126 (ffff)
74,0.1645833333333333 (~3/16),0.16666666666666666 (~3/16),126 (ffff)
69,0.1645833333333333 (~3/16),0.16666666666666666 (~3/16),126 (ffff)
67,0.1645833333333333 (~3/16),0.16666666666666666 (~3/16),126 (ffff)
62,0.4979166666666667 (~1/2),0.16666666666666666 (~3/16),126 (ffff)
57,0.33125 (~1/4),0.16666666666666666 (~3/16),126 (ffff)
55,0.1645833333333333 (~3/16),0.16666666666666666 (~3/16),126 (ffff)
62,0.1645833333333333 (~3/16),0.16666666666666666 (~3/16),126 (ffff)
57,0.1645833333333333 (~3/16),0.16666666666666666 (~3/16),126 (ffff)
55,0.1645833333333333 (~3/16),0.16666666666666666 (~3/16),126 (ffff)
50,0.1645833333333333 (~3/16),0.16666666666666666 (~3/16),126 (ffff)
45,0.1645833333333333 (~3/16),0.16666666666666666 (~3/16),126 (ffff)
43,0.1645833333333333 (~3/16),0.16666666666666666 (~3/16),126 (ffff)
41,0.2479166666666666 (~1/4),0.16666666666666666 (~3/16),96 (f)
55,0.1645833333333333 (~3/16),0.08333333333333333 (~3/32),96 (f)
50,0.4166666666666667 (~1/2),0.08333333333333333 (~3/32),96 (f)
56,0.1645833333333333 (~3/16),0.16666666666666666 (~3/16),96 (f)
62,0.1645833333333333 (~3/16),0.16666666666666666 (~3/16),96 (f)
50,3.6666666666666665 (~9/8),0.16666666666666666 (~3/16),96 (f)
56,0.1645833333333333 (~3/16),0.16666666666666666 (~3/16),96 (f)
57,0.1645833333333333 (~3/16),0.16666666666666666 (~3/16),96 (f)
67,0.1645833333333333 (~3/16),0.16666666666666666 (~3/16),96 (f)
68,0.1645833333333333 (~3/16),0.16666666666666666 (~3/16),96 (f)
74,0.1645833333333333 (~3/16),0.16666666666666666 (~3/16),96 (f)
62,0.1645833333333333 (~3/16),0.16666666666666666 (~3/16),96 (f)
68,0.1645833333333333 (~3/16),0.16666666666666666 (~3/16),96 (f)
69,0.1645833333333333 (~3/16),0.16666666666666666 (~3/16),96 (f)
79,0.1645833333333333 (~3/16),0.16666666666666666 (~3/16),96 (f)
80,0.1645833333333333 (~3/16),0.16666666666666666 (~3/16),96 (f)
86,0.1645833333333333 (~3/16),0.16666666666666666 (~3/16),96 (f)
80,0.1645833333333333 (~3/16),0.16666666666666666 (~3/16),96 (f)
79,0.1645833333333333 (~3/16),0.16666666666666666 (~3/16),96 (f)
69,0.1645833333333333 (~3/16),0.16666666666666666 (~3/16),96 (f)
68,0.1645833333333333 (~3/16),0.16666666666666666 (~3/16),96 (f)
62,0.1645833333333333 (~3/16),0.16666666666666666 (~3/16),96 (f)
74,0.1645833333333333 (~3/16),0.16666666666666666 (~3/16),96 (f)
68,0.3291666666666666 (~1/4),0.3333333333333333 (~1/4),96 (f)
57,0.1645833333333333 (~3/16),0.16666666666666666 (~3/16),96 (f)
56,0.1645833333333333 (~3/16),0.16666666666666666 (~3/16),96 (f)
50,0.6645833333333333 (~3/4),0.16666666666666666 (~3/16),96 (f)
62,0.1645833333333333 (~3/16),0.16666666666666666 (~3/16),96 (f)
56,0.1645833333333333 (~3/16),0.16666666666666666 (~3/16),96 (f)
55,0.1645833333333333 (~3/16),0.16666666666666666 (~3/16),96 (f)
39,0.2479166666666666 (~1/4),0.16666666666666666 (~3/16),96 (f)
55,0.1645833333333333 (~3/16),0.08333333333333333 (~3/32),96 (f)
48,4.747916666666667 (~9/8),0.08333333333333333 (~3/32),96 (f)
56,0.1645833333333333 (~3/16),0.16666666666666666 (~3/16),96 (f)
62,0.1645833333333333 (~3/16),0.16666666666666666 (~3/16),96 (f)
50,0.1645833333333333 (~3/16),0.16666666666666666 (~3/16),96 (f)
56,0.1645833333333333 (~3/16),0.16666666666666666 (~3/16),96 (f)
57,0.1645833333333333 (~3/16),0.16666666666666666 (~3/16),96 (f)
67,0.1645833333333333 (~3/16),0.16666666666666666 (~3/16),96 (f)
68,0.1645833333333333 (~3/16),0.16666666666666666 (~3/16),96 (f)
74,0.1645833333333333 (~3/16),0.16666666666666666 (~3/16),96 (f)
62,0.1645833333333333 (~3/16),0.16666666666666666 (~3/16),96 (f)
68,0.1645833333333333 (~3/16),0.16666666666666666 (~3/16),96 (f)
69,0.1645833333333333 (~3/16),0.16666666666666666 (~3/16),96 (f)
79,0.1645833333333333 (~3/16),0.16666666666666666 (~3/16),96 (f)
80,0.1645833333333333 (~3/16),0.16666666666666666 (~3/16),96 (f)
86,0.1645833333333333 (~3/16),0.16666666666666666 (~3/16),96 (f)
80,0.1645833333333333 (~3/16),0.16666666666666666 (~3/16),96 (f)
79,0.1645833333333333 (~3/16),0.16666666666666666 (~3/16),96 (f)
69,0.1645833333333333 (~3/16),0.16666666666666666 (~3/16),96 (f)
68,0.1645833333333333 (~3/16),0.16666666666666666 (~3/16),96 (f)
62,0.1645833333333333 (~3/16),0.16666666666666666 (~3/16),96 (f)
74,0.1645833333333333 (~3/16),0.16666666666666666 (~3/16),96 (f)
68,0.3291666666666666 (~1/4),0.3333333333333333 (~1/4),96 (f)
57,0.1645833333333333 (~3/16),0.16666666666666666 (~3/16),96 (f)
56,0.1645833333333333 (~3/16),0.16666666666666666 (~3/16),96 (f)
50,0.1645833333333333 (~3/16),0.16666666666666666 (~3/16),96 (f)
62,0.1645833333333333 (~3/16),0.16666666666666666 (~3/16),96 (f)
56,0.1645833333333333 (~3/16),0.16666666666666666 (~3/16),96 (f)
55,0.1645833333333333 (~3/16),0.16666666666666666 (~3/16),96 (f)
35,0.2479166666666666 (~1/4),0.16666666666666666 (~3/16),96 (f)
55,0.1645833333333333 (~3/16),0.08333333333333333 (~3/32),96 (f)
44,4.747916666666667 (~9/8),0.08333333333333333 (~3/32),96 (f)
56,0.1645833333333333 (~3/16),0.16666666666666666 (~3/16),96 (f)
62,0.1645833333333333 (~3/16),0.16666666666666666 (~3/16),96 (f)
50,0.1645833333333333 (~3/16),0.16666666666666666 (~3/16),96 (f)
56,0.1645833333333333 (~3/16),0.16666666666666666 (~3/16),96 (f)
57,0.1645833333333333 (~3/16),0.16666666666666666 (~3/16),96 (f)
67,0.1645833333333333 (~3/16),0.16666666666666666 (~3/16),96 (f)
68,0.1645833333333333 (~3/16),0.16666666666666666 (~3/16),96 (f)
74,0.1645833333333333 (~3/16),0.16666666666666666 (~3/16),96 (f)
62,0.1645833333333333 (~3/16),0.16666666666666666 (~3/16),96 (f)
68,0.1645833333333333 (~3/16),0.16666666666666666 (~3/16),96 (f)
69,0.1645833333333333 (~3/16),0.16666666666666666 (~3/16),96 (f)
79,0.1645833333333333 (~3/16),0.16666666666666666 (~3/16),96 (f)
80,0.1645833333333333 (~3/16),0.16666666666666666 (~3/16),96 (f)
86,0.1645833333333333 (~3/16),0.16666666666666666 (~3/16),96 (f)
80,0.1645833333333333 (~3/16),0.16666666666666666 (~3/16),96 (f)
79,0.1645833333333333 (~3/16),0.16666666666666666 (~3/16),96 (f)
69,0.1645833333333333 (~3/16),0.16666666666666666 (~3/16),96 (f)
68,0.1645833333333333 (~3/16),0.16666666666666666 (~3/16),96 (f)
62,0.1645833333333333 (~3/16),0.16666666666666666 (~3/16),96 (f)
74,0.1645833333333333 (~3/16),0.16666666666666666 (~3/16),96 (f)
68,0.3291666666666666 (~1/4),0.3333333333333333 (~1/4),96 (f)
57,0.1645833333333333 (~3/16),0.16666666666666666 (~3/16),96 (f)
56,0.1645833333333333 (~3/16),0.16666666666666666 (~3/16),96 (f)
50,0.1645833333333333 (~3/16),0.16666666666666666 (~3/16),96 (f)
62,0.1645833333333333 (~3/16),0.16666666666666666 (~3/16),96 (f)
56,0.1645833333333333 (~3/16),0.16666666666666666 (~3/16),96 (f)
55,0.1645833333333333 (~3/16),0.16666666666666666 (~3/16),96 (f)
38,0.2479166666666666 (~1/4),0.16666666666666666 (~3/16),96 (f)
55,0.1645833333333333 (~3/16),0.08333333333333333 (~3/32),96 (f)
47,4.747916666666667 (~9/8),0.08333333333333333 (~3/32),96 (f)
56,0.1645833333333333 (~3/16),0.16666666666666666 (~3/16),96 (f)
62,0.1645833333333333 (~3/16),0.16666666666666666 (~3/16),96 (f)
50,0.1645833333333333 (~3/16),0.16666666666666666 (~3/16),96 (f)
56,0.1645833333333333 (~3/16),0.16666666666666666 (~3/16),96 (f)
57,0.1645833333333333 (~3/16),0.16666666666666666 (~3/16),96 (f)
67,0.1645833333333333 (~3/16),0.16666666666666666 (~3/16),96 (f)
68,0.1645833333333333 (~3/16),0.16666666666666666 (~3/16),96 (f)
74,0.1645833333333333 (~3/16),0.16666666666666666 (~3/16),96 (f)
62,0.1645833333333333 (~3/16),0.16666666666666666 (~3/16),96 (f)
68,0.1645833333333333 (~3/16),0.16666666666666666 (~3/16),96 (f)
69,0.1645833333333333 (~3/16),0.16666666666666666 (~3/16),96 (f)
79,0.1645833333333333 (~3/16),0.16666666666666666 (~3/16),96 (f)
80,0.1645833333333333 (~3/16),0.16666666666666666 (~3/16),96 (f)
86,0.1645833333333333 (~3/16),0.16666666666666666 (~3/16),96 (f)
80,0.1645833333333333 (~3/16),0.16666666666666666 (~3/16),96 (f)
79,0.1645833333333333 (~3/16),0.16666666666666666 (~3/16),96 (f)
69,0.1645833333333333 (~3/16),0.16666666666666666 (~3/16),96 (f)
68,0.1645833333333333 (~3/16),0.16666666666666666 (~3/16),96 (f)
62,0.1645833333333333 (~3/16),0.16666666666666666 (~3/16),96 (f)
74,0.1645833333333333 (~3/16),0.16666666666666666 (~3/16),96 (f)
68,0.3291666666666666 (~1/4),0.3333333333333333 (~1/4),96 (f)
57,0.1645833333333333 (~3/16),0.16666666666666666 (~3/16),96 (f)
56,0.1645833333333333 (~3/16),0.16666666666666666 (~3/16),96 (f)
50,0.1645833333333333 (~3/16),0.16666666666666666 (~3/16),96 (f)
62,0.1645833333333333 (~3/16),0.16666666666666666 (~3/16),96 (f)
56,0.1645833333333333 (~3/16),0.16666666666666666 (~3/16),96 (f)
55,0.1645833333333333 (~3/16),0.16666666666666666 (~3/16),96 (f)
41,0.2479166666666666 (~1/4),0.16666666666666666 (~3/16),96 (f)
55,0.1645833333333333 (~3/16),0.08333333333333333 (~3/32),96 (f)
50,0.4166666666666667 (~1/2),0.08333333333333333 (~3/32),96 (f)
56,0.1645833333333333 (~3/16),0.16666666666666666 (~3/16),96 (f)
62,0.1645833333333333 (~3/16),0.16666666666666666 (~3/16),96 (f)
50,3.6666666666666665 (~9/8),0.16666666666666666 (~3/16),96 (f)
56,0.1645833333333333 (~3/16),0.16666666666666666 (~3/16),96 (f)
57,0.1645833333333333 (~3/16),0.16666666666666666 (~3/16),96 (f)
67,0.1645833333333333 (~3/16),0.16666666666666666 (~3/16),96 (f)
68,0.1645833333333333 (~3/16),0.16666666666666666 (~3/16),96 (f)
74,0.1645833333333333 (~3/16),0.16666666666666666 (~3/16),96 (f)
62,0.1645833333333333 (~3/16),0.16666666666666666 (~3/16),96 (f)
68,0.1645833333333333 (~3/16),0.16666666666666666 (~3/16),96 (f)
69,0.1645833333333333 (~3/16),0.16666666666666666 (~3/16),96 (f)
79,0.1645833333333333 (~3/16),0.16666666666666666 (~3/16),96 (f)
80,0.1645833333333333 (~3/16),0.16666666666666666 (~3/16),96 (f)
86,0.1645833333333333 (~3/16),0.16666666666666666 (~3/16),96 (f)
80,0.1645833333333333 (~3/16),0.16666666666666666 (~3/16),96 (f)
79,0.1645833333333333 (~3/16),0.16666666666666666 (~3/16),96 (f)
69,0.1645833333333333 (~3/16),0.16666666666666666 (~3/16),96 (f)
68,0.1645833333333333 (~3/16),0.16666666666666666 (~3/16),96 (f)
62,0.1645833333333333 (~3/16),0.16666666666666666 (~3/16),96 (f)
74,0.1645833333333333 (~3/16),0.16666666666666666 (~3/16),96 (f)
68,0.3291666666666666 (~1/4),0.3333333333333333 (~1/4),96 (f)
57,0.1645833333333333 (~3/16),0.16666666666666666 (~3/16),96 (f)
56,0.1645833333333333 (~3/16),0.16666666666666666 (~3/16),96 (f)
50,0.6645833333333333 (~3/4),0.16666666666666666 (~3/16),96 (f)
62,0.1645833333333333 (~3/16),0.16666666666666666 (~3/16),96 (f)
56,0.1645833333333333 (~3/16),0.16666666666666666 (~3/16),96 (f)
55,0.1645833333333333 (~3/16),0.16666666666666666 (~3/16),96 (f)
39,0.2479166666666666 (~1/4),0.16666666666666666 (~3/16),96 (f)
55,0.1645833333333333 (~3/16),0.08333333333333333 (~3/32),96 (f)
48,4.747916666666667 (~9/8),0.08333333333333333 (~3/32),96 (f)
56,0.1645833333333333 (~3/16),0.16666666666666666 (~3/16),96 (f)
62,0.1645833333333333 (~3/16),0.16666666666666666 (~3/16),96 (f)
50,0.1645833333333333 (~3/16),0.16666666666666666 (~3/16),96 (f)
56,0.1645833333333333 (~3/16),0.16666666666666666 (~3/16),96 (f)
57,0.1645833333333333 (~3/16),0.16666666666666666 (~3/16),96 (f)
67,0.1645833333333333 (~3/16),0.16666666666666666 (~3/16),96 (f)
68,0.1645833333333333 (~3/16),0.16666666666666666 (~3/16),96 (f)
74,0.1645833333333333 (~3/16),0.16666666666666666 (~3/16),96 (f)
62,0.1645833333333333 (~3/16),0.16666666666666666 (~3/16),96 (f)
68,0.1645833333333333 (~3/16),0.16666666666666666 (~3/16),96 (f)
69,0.1645833333333333 (~3/16),0.16666666666666666 (~3/16),96 (f)
79,0.1645833333333333 (~3/16),0.16666666666666666 (~3/16),96 (f)
80,0.1645833333333333 (~3/16),0.16666666666666666 (~3/16),96 (f)
86,0.1645833333333333 (~3/16),0.16666666666666666 (~3/16),96 (f)
80,0.1645833333333333 (~3/16),0.16666666666666666 (~3/16),96 (f)
79,0.1645833333333333 (~3/16),0.16666666666666666 (~3/16),96 (f)
69,0.1645833333333333 (~3/16),0.16666666666666666 (~3/16),96 (f)
68,0.1645833333333333 (~3/16),0.16666666666666666 (~3/16),96 (f)
62,0.1645833333333333 (~3/16),0.16666666666666666 (~3/16),96 (f)
74,0.1645833333333333 (~3/16),0.16666666666666666 (~3/16),96 (f)
68,0.3291666666666666 (~1/4),0.3333333333333333 (~1/4),96 (f)
57,0.1645833333333333 (~3/16),0.16666666666666666 (~3/16),96 (f)
56,0.1645833333333333 (~3/16),0.16666666666666666 (~3/16),96 (f)
50,0.1645833333333333 (~3/16),0.16666666666666666 (~3/16),96 (f)
62,0.1645833333333333 (~3/16),0.16666666666666666 (~3/16),96 (f)
56,0.1645833333333333 (~3/16),0.16666666666666666 (~3/16),96 (f)
55,0.1645833333333333 (~3/16),0.16666666666666666 (~3/16),96 (f)
35,0.2479166666666666 (~1/4),0.16666666666666666 (~3/16),96 (f)
55,0.1645833333333333 (~3/16),0.08333333333333333 (~3/32),96 (f)
44,4.747916666666667 (~9/8),0.08333333333333333 (~3/32),96 (f)
56,0.1645833333333333 (~3/16),0.16666666666666666 (~3/16),96 (f)
62,0.1645833333333333 (~3/16),0.16666666666666666 (~3/16),96 (f)
50,0.1645833333333333 (~3/16),0.16666666666666666 (~3/16),96 (f)
56,0.1645833333333333 (~3/16),0.16666666666666666 (~3/16),96 (f)
57,0.1645833333333333 (~3/16),0.16666666666666666 (~3/16),96 (f)
67,0.1645833333333333 (~3/16),0.16666666666666666 (~3/16),96 (f)
68,0.1645833333333333 (~3/16),0.16666666666666666 (~3/16),96 (f)
74,0.1645833333333333 (~3/16),0.16666666666666666 (~3/16),96 (f)
62,0.1645833333333333 (~3/16),0.16666666666666666 (~3/16),96 (f)
68,0.1645833333333333 (~3/16),0.16666666666666666 (~3/16),96 (f)
69,0.1645833333333333 (~3/16),0.16666666666666666 (~3/16),96 (f)
79,0.1645833333333333 (~3/16),0.16666666666666666 (~3/16),96 (f)
80,0.1645833333333333 (~3/16),0.16666666666666666 (~3/16),96 (f)
86,0.1645833333333333 (~3/16),0.16666666666666666 (~3/16),96 (f)
80,0.1645833333333333 (~3/16),0.16666666666666666 (~3/16),96 (f)
79,0.1645833333333333 (~3/16),0.16666666666666666 (~3/16),96 (f)
69,0.1645833333333333 (~3/16),0.16666666666666666 (~3/16),96 (f)
68,0.1645833333333333 (~3/16),0.16666666666666666 (~3/16),96 (f)
62,0.1645833333333333 (~3/16),0.16666666666666666 (~3/16),96 (f)
74,0.1645833333333333 (~3/16),0.16666666666666666 (~3/16),96 (f)
68,0.3291666666666666 (~1/4),0.3333333333333333 (~1/4),96 (f)
57,0.1645833333333333 (~3/16),0.16666666666666666 (~3/16),96 (f)
56,0.1645833333333333 (~3/16),0.16666666666666666 (~3/16),96 (f)
50,0.1645833333333333 (~3/16),0.16666666666666666 (~3/16),96 (f)
62,0.1645833333333333 (~3/16),0.16666666666666666 (~3/16),96 (f)
56,0.1645833333333333 (~3/16),0.16666666666666666 (~3/16),96 (f)
55,0.1645833333333333 (~3/16),0.16666666666666666 (~3/16),96 (f)
38,0.2479166666666666 (~1/4),0.16666666666666666 (~3/16),96 (f)
55,0.1645833333333333 (~3/16),0.08333333333333333 (~3/32),96 (f)
47,4.747916666666667 (~9/8),0.08333333333333333 (~3/32),96 (f)
56,0.1645833333333333 (~3/16),0.16666666666666666 (~3/16),96 (f)
62,0.1645833333333333 (~3/16),0.16666666666666666 (~3/16),96 (f)
50,0.1645833333333333 (~3/16),0.16666666666666666 (~3/16),96 (f)
56,0.1645833333333333 (~3/16),0.16666666666666666 (~3/16),96 (f)
57,0.1645833333333333 (~3/16),0.16666666666666666 (~3/16),96 (f)
67,0.1645833333333333 (~3/16),0.16666666666666666 (~3/16),96 (f)
68,0.1645833333333333 (~3/16),0.16666666666666666 (~3/16),96 (f)
74,0.1645833333333333 (~3/16),0.16666666666666666 (~3/16),96 (f)
62,0.1645833333333333 (~3/16),0.16666666666666666 (~3/16),96 (f)
68,0.1645833333333333 (~3/16),0.16666666666666666 (~3/16),96 (f)
69,0.1645833333333333 (~3/16),0.16666666666666666 (~3/16),96 (f)
79,0.1645833333333333 (~3/16),0.16666666666666666 (~3/16),96 (f)
80,0.1645833333333333 (~3/16),0.16666666666666666 (~3/16),96 (f)
86,0.1645833333333333 (~3/16),0.16666666666666666 (~3/16),96 (f)
80,0.1645833333333333 (~3/16),0.16666666666666666 (~3/16),96 (f)
79,0.1645833333333333 (~3/16),0.16666666666666666 (~3/16),96 (f)
69,0.1645833333333333 (~3/16),0.16666666666666666 (~3/16),96 (f)
68,0.1645833333333333 (~3/16),0.16666666666666666 (~3/16),96 (f)
62,0.1645833333333333 (~3/16),0.16666666666666666 (~3/16),96 (f)
74,0.1645833333333333 (~3/16),0.16666666666666666 (~3/16),96 (f)
68,0.3291666666666666 (~1/4),0.3333333333333333 (~1/4),96 (f)
57,0.1645833333333333 (~3/16),0.16666666666666666 (~3/16),96 (f)
56,0.1645833333333333 (~3/16),0.16666666666666666 (~3/16),96 (f)
50,0.1645833333333333 (~3/16),0.16666666666666666 (~3/16),96 (f)
62,0.1645833333333333 (~3/16),0.16666666666666666 (~3/16),96 (f)
56,0.1645833333333333 (~3/16),0.16666666666666666 (~3/16),96 (f)
55,0.1645833333333333 (~3/16),0.16666666666666666 (~3/16),96 (f)
39,0.2479166666666666 (~1/4),0.16666666666666666 (~3/16),96 (f)
55,0.1645833333333333 (~3/16),0.08333333333333333 (~3/32),96 (f)
48,4.747916666666667 (~9/8),0.08333333333333333 (~3/32),96 (f)
56,0.1645833333333333 (~3/16),0.16666666666666666 (~3/16),96 (f)
62,0.1645833333333333 (~3/16),0.16666666666666666 (~3/16),96 (f)
50,0.1645833333333333 (~3/16),0.16666666666666666 (~3/16),96 (f)
56,0.1645833333333333 (~3/16),0.16666666666666666 (~3/16),96 (f)
57,0.1645833333333333 (~3/16),0.16666666666666666 (~3/16),96 (f)
67,0.1645833333333333 (~3/16),0.16666666666666666 (~3/16),96 (f)
68,0.1645833333333333 (~3/16),0.16666666666666666 (~3/16),96 (f)
74,0.1645833333333333 (~3/16),0.16666666666666666 (~3/16),96 (f)
62,0.1645833333333333 (~3/16),0.16666666666666666 (~3/16),96 (f)
68,0.1645833333333333 (~3/16),0.16666666666666666 (~3/16),96 (f)
69,0.1645833333333333 (~3/16),0.16666666666666666 (~3/16),96 (f)
79,0.1645833333333333 (~3/16),0.16666666666666666 (~3/16),96 (f)
80,0.1645833333333333 (~3/16),0.16666666666666666 (~3/16),96 (f)
86,0.1645833333333333 (~3/16),0.16666666666666666 (~3/16),96 (f)
80,0.1645833333333333 (~3/16),0.16666666666666666 (~3/16),96 (f)
79,0.1645833333333333 (~3/16),0.16666666666666666 (~3/16),96 (f)
69,0.1645833333333333 (~3/16),0.16666666666666666 (~3/16),96 (f)
68,0.1645833333333333 (~3/16),0.16666666666666666 (~3/16),96 (f)
62,0.1645833333333333 (~3/16),0.16666666666666666 (~3/16),96 (f)
74,0.1645833333333333 (~3/16),0.16666666666666666 (~3/16),96 (f)
68,0.3291666666666666 (~1/4),0.3333333333333333 (~1/4),96 (f)
57,0.1645833333333333 (~3/16),0.16666666666666666 (~3/16),96 (f)
56,0.1645833333333333 (~3/16),0.16666666666666666 (~3/16),96 (f)
50,0.1645833333333333 (~3/16),0.16666666666666666 (~3/16),96 (f)
62,0.1645833333333333 (~3/16),0.16666666666666666 (~3/16),96 (f)
56,0.1645833333333333 (~3/16),0.16666666666666666 (~3/16),96 (f)
55,0.1645833333333333 (~3/16),0.16666666666666666 (~3/16),96 (f)
36,0.2479166666666666 (~1/4),0.16666666666666666 (~3/16),96 (f)
55,0.1645833333333333 (~3/16),0.08333333333333333 (~3/32),96 (f)
44,4.747916666666667 (~9/8),0.08333333333333333 (~3/32),96 (f)
56,0.1645833333333333 (~3/16),0.16666666666666666 (~3/16),96 (f)
62,0.1645833333333333 (~3/16),0.16666666666666666 (~3/16),96 (f)
50,0.1645833333333333 (~3/16),0.16666666666666666 (~3/16),96 (f)
56,0.1645833333333333 (~3/16),0.16666666666666666 (~3/16),96 (f)
57,0.1645833333333333 (~3/16),0.16666666666666666 (~3/16),96 (f)
67,0.1645833333333333 (~3/16),0.16666666666666666 (~3/16),96 (f)
68,0.1645833333333333 (~3/16),0.16666666666666666 (~3/16),96 (f)
74,0.1645833333333333 (~3/16),0.16666666666666666 (~3/16),96 (f)
62,0.1645833333333333 (~3/16),0.16666666666666666 (~3/16),96 (f)
68,0.1645833333333333 (~3/16),0.16666666666666666 (~3/16),96 (f)
69,0.1645833333333333 (~3/16),0.16666666666666666 (~3/16),96 (f)
79,0.1645833333333333 (~3/16),0.16666666666666666 (~3/16),96 (f)
80,0.1645833333333333 (~3/16),0.16666666666666666 (~3/16),96 (f)
86,0.1645833333333333 (~3/16),0.16666666666666666 (~3/16),96 (f)
80,0.1645833333333333 (~3/16),0.16666666666666666 (~3/16),96 (f)
79,0.1645833333333333 (~3/16),0.16666666666666666 (~3/16),96 (f)
69,0.1645833333333333 (~3/16),0.16666666666666666 (~3/16),96 (f)
68,0.1645833333333333 (~3/16),0.16666666666666666 (~3/16),96 (f)
62,0.1645833333333333 (~3/16),0.16666666666666666 (~3/16),96 (f)
74,0.1645833333333333 (~3/16),0.16666666666666666 (~3/16),96 (f)
68,0.3291666666666666 (~1/4),0.3333333333333333 (~1/4),96 (f)
57,0.1645833333333333 (~3/16),0.16666666666666666 (~3/16),96 (f)
56,0.1645833333333333 (~3/16),0.16666666666666666 (~3/16),96 (f)
50,0.1645833333333333 (~3/16),0.16666666666666666 (~3/16),96 (f)
62,0.1645833333333333 (~3/16),0.16666666666666666 (~3/16),96 (f)
56,0.1645833333333333 (~3/16),0.16666666666666666 (~3/16),96 (f)
55,0.1645833333333333 (~3/16),0.16666666666666666 (~3/16),96 (f)
38,0.1645833333333333 (~3/16),0.16666666666666666 (~3/16),96 (f)
32,0.1645833333333333 (~3/16),0.16666666666666666 (~3/16),96 (f)
33,0.1645833333333333 (~3/16),0.16666666666666666 (~3/16),96 (f)
50,0.1645833333333333 (~3/16),0.16666666666666666 (~3/16),96 (f)
44,0.1645833333333333 (~3/16),0.16666666666666666 (~3/16),96 (f)
43,0.1645833333333333 (~3/16),0.16666666666666666 (~3/16),96 (f)
24,0.1645833333333333 (~3/16),0.16666666666666666 (~3/16),96 (f)
30,0.1645833333333333 (~3/16),0.16666666666666666 (~3/16),96 (f)
31,0.1645833333333333 (~3/16),0.16666666666666666 (~3/16),96 (f)
52,0.1645833333333333 (~3/16),0.16666666666666666 (~3/16),96 (f)
46,0.1645833333333333 (~3/16),0.16666666666666666 (~3/16),96 (f)
45,0.1645833333333333 (~3/16),0.16666666666666666 (~3/16),96 (f)
33,0.1645833333333333 (~3/16),0.16666666666666666 (~3/16),97 (f)
39,0.1645833333333333 (~3/16),0.16666666666666666 (~3/16),97 (f)
40,0.1645833333333333 (~3/16),0.16666666666666666 (~3/16),97 (f)
55,0.1645833333333333 (~3/16),0.16666666666666666 (~3/16),97 (f)
49,0.1645833333333333 (~3/16),0.16666666666666666 (~3/16),98 (f)
48,0.1645833333333333 (~3/16),0.16666666666666666 (~3/16),98 (f)
31,0.1645833333333333 (~3/16),0.16666666666666666 (~3/16),98 (f)
37,0.1645833333333333 (~3/16),0.16666666666666666 (~3/16),98 (f)
38,0.1645833333333333 (~3/16),0.16666666666666666 (~3/16),99 (f)
57,0.1645833333333333 (~3/16),0.16666666666666666 (~3/16),99 (f)
51,0.1645833333333333 (~3/16),0.16666666666666666 (~3/16),99 (f)
50,0.1645833333333333 (~3/16),0.16666666666666666 (~3/16),100 (f)
40,0.1645833333333333 (~3/16),0.16666666666666666 (~3/16),100 (f)
46,0.1645833333333333 (~3/16),0.16666666666666666 (~3/16),100 (f)
47,0.1645833333333333 (~3/16),0.16666666666666666 (~3/16),100 (f)
60,0.1645833333333333 (~3/16),0.16666666666666666 (~3/16),101 (ff)
54,0.1645833333333333 (~3/16),0.16666666666666666 (~3/16),101 (ff)
53,0.1645833333333333 (~3/16),0.16666666666666666 (~3/16),101 (ff)
38,0.1645833333333333 (~3/16),0.16666666666666666 (~3/16),101 (ff)
44,0.1645833333333333 (~3/16),0.16666666666666666 (~3/16),102 (ff)
45,0.1645833333333333 (~3/16),0.16666666666666666 (~3/16),102 (ff)
62,0.1645833333333333 (~3/16),0.16666666666666666 (~3/16),102 (ff)
56,0.1645833333333333 (~3/16),0.16666666666666666 (~3/16),102 (ff)
55,0.1645833333333333 (~3/16),0.16666666666666666 (~3/16),103 (ff)
36,0.1645833333333333 (~3/16),0.16666666666666666 (~3/16),103 (ff)
42,0.1645833333333333 (~3/16),0.16666666666666666 (~3/16),103 (ff)
43,0.1645833333333333 (~3/16),0.16666666666666666 (~3/16),104 (ff)
64,0.1645833333333333 (~3/16),0.16666666666666666 (~3/16),104 (ff)
58,0.1645833333333333 (~3/16),0.16666666666666666 (~3/16),104 (ff)
57,0.1645833333333333 (~3/16),0.16666666666666666 (~3/16),104 (ff)
45,0.1645833333333333 (~3/16),0.16666666666666666 (~3/16),105 (ff)
51,0.1645833333333333 (~3/16),0.16666666666666666 (~3/16),105 (ff)
52,0.1645833333333333 (~3/16),0.16666666666666666 (~3/16),105 (ff)
67,0.1645833333333333 (~3/16),0.16666666666666666 (~3/16),105 (ff)
61,0.1645833333333333 (~3/16),0.16666666666666666 (~3/16),106 (ff)
60,0.1645833333333333 (~3/16),0.16666666666666666 (~3/16),106 (ff)
43,0.1645833333333333 (~3/16),0.16666666666666666 (~3/16),106 (ff)
49,0.1645833333333333 (~3/16),0.16666666666666666 (~3/16),106 (ff)
50,0.1645833333333333 (~3/16),0.16666666666666666 (~3/16),107 (ff)
69,0.1645833333333333 (~3/16),0.16666666666666666 (~3/16),107 (ff)
63,0.1645833333333333 (~3/16),0.16666666666666666 (~3/16),107 (ff)
62,0.1645833333333333 (~3/16),0.16666666666666666 (~3/16),108 (ff)
52,0.1645833333333333 (~3/16),0.16666666666666666 (~3/16),108 (ff)
58,0.1645833333333333 (~3/16),0.16666666666666666 (~3/16),108 (ff)
59,0.1645833333333333 (~3/16),0.16666666666666666 (~3/16),108 (ff)
72,0.1645833333333333 (~3/16),0.16666666666666666 (~3/16),109 (ff)
66,0.1645833333333333 (~3/16),0.16666666666666666 (~3/16),109 (ff)
65,0.1645833333333333 (~3/16),0.16666666666666666 (~3/16),109 (ff)
50,0.1645833333333333 (~3/16),0.16666666666666666 (~3/16),109 (ff)
56,0.1645833333333333 (~3/16),0.16666666666666666 (~3/16),110 (ff)
57,0.1645833333333333 (~3/16),0.16666666666666666 (~3/16),110 (ff)
74,0.1645833333333333 (~3/16),0.16666666666666666 (~3/16),110 (ff)
68,0.1645833333333333 (~3/16),0.16666666666666666 (~3/16),111 (fff)
67,0.1645833333333333 (~3/16),0.16666666666666666 (~3/16),111 (fff)
48,0.1645833333333333 (~3/16),0.16666666666666666 (~3/16),111 (fff)
54,0.1645833333333333 (~3/16),0.16666666666666666 (~3/16),111 (fff)
55,0.1645833333333333 (~3/16),0.16666666666666666 (~3/16),112 (fff)
76,0.1645833333333333 (~3/16),0.16666666666666666 (~3/16),112 (fff)
70,0.1645833333333333 (~3/16),0.16666666666666666 (~3/16),112 (fff)
69,0.1645833333333333 (~3/16),0.16666666666666666 (~3/16),112 (fff)
45,0.1645833333333333 (~3/16),0.16666666666666666 (~3/16),113 (fff)
51,0.1645833333333333 (~3/16),0.16666666666666666 (~3/16),113 (fff)
52,0.1645833333333333 (~3/16),0.16666666666666666 (~3/16),113 (fff)
79,0.1645833333333333 (~3/16),0.16666666666666666 (~3/16),113 (fff)
73,0.1645833333333333 (~3/16),0.16666666666666666 (~3/16),114 (fff)
72,0.1645833333333333 (~3/16),0.16666666666666666 (~3/16),114 (fff)
43,0.1645833333333333 (~3/16),0.16666666666666666 (~3/16),114 (fff)
49,0.1645833333333333 (~3/16),0.16666666666666666 (~3/16),115 (fff)
50,0.1645833333333333 (~3/16),0.16666666666666666 (~3/16),115 (fff)
81,0.1645833333333333 (~3/16),0.16666666666666666 (~3/16),115 (fff)
75,0.1645833333333333 (~3/16),0.16666666666666666 (~3/16),115 (fff)
74,0.1645833333333333 (~3/16),0.16666666666666666 (~3/16),116 (fff)
40,0.1645833333333333 (~3/16),0.16666666666666666 (~3/16),116 (fff)
46,0.1645833333333333 (~3/16),0.16666666666666666 (~3/16),116 (fff)
47,0.1645833333333333 (~3/16),0.16666666666666666 (~3/16),116 (fff)
84,0.1645833333333333 (~3/16),0.16666666666666666 (~3/16),117 (fff)
78,0.1645833333333333 (~3/16),0.16666666666666666 (~3/16),117 (fff)
77,0.1645833333333333 (~3/16),0.16666666666666666 (~3/16),117 (fff)
38,0.1645833333333333 (~3/16),0.16666666666666666 (~3/16),117 (fff)
44,0.1645833333333333 (~3/16),0.16666666666666666 (~3/16),118 (fff)
45,0.1645833333333333 (~3/16),0.16666666666666666 (~3/16),118 (fff)
86,0.1645833333333333 (~3/16),0.16666666666666666 (~3/16),118 (fff)
80,0.1645833333333333 (~3/16),0.16666666666666666 (~3/16),119 (fff)
79,0.1645833333333333 (~3/16),0.16666666666666666 (~3/16),119 (fff)
36,0.1645833333333333 (~3/16),0.16666666666666666 (~3/16),119 (fff)
42,0.1645833333333333 (~3/16),0.16666666666666666 (~3/16),119 (fff)
43,0.1645833333333333 (~3/16),0.16666666666666666 (~3/16),120 (fff)
88,0.1645833333333333 (~3/16),0.16666666666666666 (~3/16),120 (fff)
82,0.1645833333333333 (~3/16),0.16666666666666666 (~3/16),120 (fff)
81,0.1645833333333333 (~3/16),0.16666666666666666 (~3/16),120 (fff)
33,0.1645833333333333 (~3/16),0.16666666666666666 (~3/16),121 (ffff)
39,0.1645833333333333 (~3/16),0.16666666666666666 (~3/16),121 (ffff)
40,0.1645833333333333 (~3/16),0.16666666666666666 (~3/16),121 (ffff)
91,0.1645833333333333 (~3/16),0.16666666666666666 (~3/16),121 (ffff)
85,0.1645833333333333 (~3/16),0.16666666666666666 (~3/16),122 (ffff)
84,0.1645833333333333 (~3/16),0.16666666666666666 (~3/16),122 (ffff)
31,0.1645833333333333 (~3/16),0.16666666666666666 (~3/16),122 (ffff)
37,0.1645833333333333 (~3/16),0.16666666666666666 (~3/16),123 (ffff)
38,0.1645833333333333 (~3/16),0.16666666666666666 (~3/16),123 (ffff)
93,0.1645833333333333 (~3/16),0.16666666666666666 (~3/16),123 (ffff)
87,0.1645833333333333 (~3/16),0.16666666666666666 (~3/16),123 (ffff)
86,0.1645833333333333 (~3/16),0.16666666666666666 (~3/16),124 (ffff)
28,0.1645833333333333 (~3/16),0.16666666666666666 (~3/16),124 (ffff)
34,0.1645833333333333 (~3/16),0.16666666666666666 (~3/16),124 (ffff)
35,0.1645833333333333 (~3/16),0.16666666666666666 (~3/16),124 (ffff)
96,0.1645833333333333 (~3/16),0.16666666666666666 (~3/16),125 (ffff)
90,0.1645833333333333 (~3/16),0.16666666666666666 (~3/16),125 (ffff)
89,0.1645833333333333 (~3/16),0.16666666666666666 (~3/16),125 (ffff)
98,2.997916666666667 (~9/8),0.25 (1/4),127 (ffff)
31,0.2479166666666666 (~1/4),0.25 (1/4),126 (ffff)
33,0.2479166666666666 (~1/4),0.25 (1/4),126 (ffff)
38,0.2479166666666666 (~1/4),0.25 (1/4),126 (ffff)
43,0.2479166666666666 (~1/4),0.25 (1/4),126 (ffff)
45,0.2479166666666666 (~1/4),0.25 (1/4),126 (ffff)
50,0.2479166666666666 (~1/4),0.25 (1/4),126 (ffff)
45,0.2479166666666666 (~1/4),0.25 (1/4),126 (ffff)
43,0.2479166666666666 (~1/4),0.25 (1/4),126 (ffff)
38,0.2479166666666666 (~1/4),0.25 (1/4),126 (ffff)
33,0.2479166666666666 (~1/4),0.25 (1/4),126 (ffff)
31,0.2479166666666666 (~1/4),0.25 (1/4),126 (ffff)
100,1.9979166666666663 (~9/8),0.25 (1/4),127 (ffff)
31,0.2479166666666666 (~1/4),0.25 (1/4),126 (ffff)
33,0.2479166666666666 (~1/4),0.25 (1/4),126 (ffff)
38,0.2479166666666666 (~1/4),0.25 (1/4),126 (ffff)
43,0.2479166666666666 (~1/4),0.25 (1/4),126 (ffff)
45,0.2479166666666666 (~1/4),0.25 (1/4),126 (ffff)
50,0.2479166666666666 (~1/4),0.25 (1/4),126 (ffff)
45,0.2479166666666666 (~1/4),0.25 (1/4),126 (ffff)
105,0.9979166666666668 (~1),0.25 (1/4),127 (ffff)
38,0.2479166666666666 (~1/4),0.25 (1/4),126 (ffff)
33,0.2479166666666666 (~1/4),0.25 (1/4),126 (ffff)
31,0.2479166666666666 (~1/4),0.25 (1/4),126 (ffff)
94,2.997916666666667 (~9/8),0.25 (1/4),127 (ffff)
32,0.2479166666666666 (~1/4),0.25 (1/4),126 (ffff)
34,0.2479166666666666 (~1/4),0.25 (1/4),126 (ffff)
39,0.2479166666666666 (~1/4),0.25 (1/4),126 (ffff)
44,0.2479166666666666 (~1/4),0.25 (1/4),126 (ffff)
46,0.2479166666666666 (~1/4),0.25 (1/4),126 (ffff)
51,0.2479166666666666 (~1/4),0.25 (1/4),126 (ffff)
46,0.2479166666666666 (~1/4),0.25 (1/4),126 (ffff)
44,0.2479166666666666 (~1/4),0.25 (1/4),126 (ffff)
39,0.2479166666666666 (~1/4),0.25 (1/4),126 (ffff)
34,0.2479166666666666 (~1/4),0.25 (1/4),126 (ffff)
32,0.2479166666666666 (~1/4),0.25 (1/4),126 (ffff)
99,2.997916666666667 (~9/8),0.25 (1/4),127 (ffff)
32,0.2479166666666666 (~1/4),0.25 (1/4),126 (ffff)
34,0.2479166666666666 (~1/4),0.25 (1/4),126 (ffff)
39,0.2479166666666666 (~1/4),0.25 (1/4),126 (ffff)
44,0.2479166666666666 (~1/4),0.25 (1/4),126 (ffff)
46,0.2479166666666666 (~1/4),0.25 (1/4),126 (ffff)
51,0.2479166666666666 (~1/4),0.25 (1/4),126 (ffff)
46,0.2479166666666666 (~1/4),0.25 (1/4),126 (ffff)
44,0.2479166666666666 (~1/4),0.25 (1/4),126 (ffff)
39,0.2479166666666666 (~1/4),0.25 (1/4),126 (ffff)
34,0.2479166666666666 (~1/4),0.25 (1/4),126 (ffff)
32,0.2479166666666666 (~1/4),0.25 (1/4),126 (ffff)
105,2.997916666666667 (~9/8),3.0 (~9/8),127 (ffff)
98,0.1645833333333333 (~3/16),0.16666666666666666 (~3/16),126 (ffff)
93,0.1645833333333333 (~3/16),0.16666666666666666 (~3/16),126 (ffff)
91,0.1645833333333333 (~3/16),0.16666666666666666 (~3/16),126 (ffff)
81,0.1645833333333333 (~3/16),0.16666666666666666 (~3/16),126 (ffff)
79,0.1645833333333333 (~3/16),0.16666666666666666 (~3/16),126 (ffff)
74,0.1645833333333333 (~3/16),0.16666666666666666 (~3/16),126 (ffff)
86,0.1645833333333333 (~3/16),0.16666666666666666 (~3/16),126 (ffff)
81,0.1645833333333333 (~3/16),0.16666666666666666 (~3/16),126 (ffff)
79,0.1645833333333333 (~3/16),0.16666666666666666 (~3/16),126 (ffff)
69,0.1645833333333333 (~3/16),0.16666666666666666 (~3/16),126 (ffff)
67,0.1645833333333333 (~3/16),0.16666666666666666 (~3/16),126 (ffff)
62,0.1645833333333333 (~3/16),0.16666666666666666 (~3/16),126 (ffff)
74,0.1645833333333333 (~3/16),0.16666666666666666 (~3/16),126 (ffff)
69,0.1645833333333333 (~3/16),0.16666666666666666 (~3/16),126 (ffff)
67,0.1645833333333333 (~3/16),0.16666666666666666 (~3/16),126 (ffff)
57,0.1645833333333333 (~3/16),0.16666666666666666 (~3/16),126 (ffff)
55,0.1645833333333333 (~3/16),0.16666666666666666 (~3/16),126 (ffff)
50,0.1645833333333333 (~3/16),0.16666666666666666 (~3/16),126 (ffff)
62,0.1645833333333333 (~3/16),0.16666666666666666 (~3/16),126 (ffff)
57,0.1645833333333333 (~3/16),0.16666666666666666 (~3/16),126 (ffff)
55,0.1645833333333333 (~3/16),0.16666666666666666 (~3/16),126 (ffff)
45,0.1645833333333333 (~3/16),0.16666666666666666 (~3/16),126 (ffff)
43,0.1645833333333333 (~3/16),0.16666666666666666 (~3/16),126 (ffff)
38,0.1645833333333333 (~3/16),0.16666666666666666 (~3/16),126 (ffff)
50,0.1645833333333333 (~3/16),0.16666666666666666 (~3/16),126 (ffff)
45,0.1645833333333333 (~3/16),0.16666666666666666 (~3/16),126 (ffff)
43,0.1645833333333333 (~3/16),0.16666666666666666 (~3/16),126 (ffff)
38,0.1645833333333333 (~3/16),0.16666666666666666 (~3/16),126 (ffff)
33,0.1645833333333333 (~3/16),0.16666666666666666 (~3/16),126 (ffff)
31,0.1645833333333333 (~3/16),0.16666666666666666 (~3/16),126 (ffff)
26,0.4979166666666667 (~1/2),10.5 (~9/8),127 (ffff)
63,2.9937500000000004 (~9/8),2.5 (~9/8),33 (pppp)
39,0.9979166666666668 (~1),0.5 (1/2),33 (pppp)
63,0.9979166666666668 (~1),0.5 (1/2),33 (pppp)
40,0.9979166666666668 (~1),0.5 (1/2),33 (pppp)
63,0.9979166666666668 (~1),0.5 (1/2),33 (pppp)
39,1.4979166666666666 (~9/8),0.5 (1/2),33 (pppp)
63,1.9958333333333336 (~9/8),1.5 (~9/8),33 (pppp)
38,0.9979166666666668 (~1),0.5 (1/2),33 (pppp)
63,0.9979166666666668 (~1),0.5 (1/2),37 (pppp)
39,0.9979166666666668 (~1),0.5 (1/2),41 (ppp)
63,0.9979166666666668 (~1),0.5 (1/2),45 (ppp)
40,0.9979166666666668 (~1),0.5 (1/2),49 (ppp)
63,0.9979166666666668 (~1),0.5 (1/2),49 (ppp)
39,1.4979166666666666 (~9/8),0.5 (1/2),41 (ppp)
63,1.9958333333333336 (~9/8),1.5 (~9/8),33 (pppp)
38,0.9979166666666668 (~1),0.5 (1/2),33 (pppp)
63,0.9979166666666668 (~1),0.5 (1/2),33 (pppp)
39,0.9979166666666668 (~1),0.5 (1/2),33 (pppp)
63,0.9979166666666668 (~1),0.5 (1/2),33 (pppp)
40,0.9979166666666668 (~1),0.5 (1/2),54 (pp)
63,0.9979166666666668 (~1),0.5 (1/2),75 (mp)
65,3.997916666666667 (~9/8),0.5 (1/2),115 (fff)
63,2.9937500000000004 (~9/8),2.5 (~9/8),96 (f)
40,0.9979166666666668 (~1),0.5 (1/2),96 (f)
63,0.9979166666666668 (~1),0.5 (1/2),92 (f)
39,2.497916666666667 (~9/8),0.5 (1/2),88 (mf)
63,2.9937500000000004 (~9/8),2.5 (~9/8),84 (mf)
66,0.9979166666666668 (~1),0.5 (1/2),33 (pppp)
63,0.9979166666666668 (~1),0.5 (1/2),40 (pppp)
64,0.9979166666666668 (~1),0.5 (1/2),48 (ppp)
63,0.9979166666666668 (~1),0.5 (1/2),56 (pp)
66,0.9979166666666668 (~1),0.5 (1/2),64 (p)
63,0.9979166666666668 (~1),0.5 (1/2),72 (mp)
67,1.4979166666666666 (~9/8),0.5 (1/2),80 (mp)
63,1.9958333333333336 (~9/8),1.5 (~9/8),80 (mp)
64,0.9979166666666668 (~1),0.5 (1/2),33 (pppp)
63,0.9979166666666668 (~1),0.5 (1/2),43 (ppp)
66,0.9979166666666668 (~1),0.5 (1/2),54 (pp)
63,0.9979166666666668 (~1),0.5 (1/2),64 (p)
67,0.9979166666666668 (~1),0.5 (1/2),75 (mp)
63,0.9979166666666668 (~1),0.5 (1/2),85 (mf)
69,1.4979166666666666 (~9/8),0.5 (1/2),96 (f)
63,1.9958333333333336 (~9/8),1.5 (~9/8),96 (f)
66,0.9979166666666668 (~1),0.5 (1/2),33 (pppp)
63,0.9979166666666668 (~1),0.5 (1/2),40 (pppp)
64,0.9979166666666668 (~1),0.5 (1/2),48 (ppp)
63,0.9979166666666668 (~1),0.5 (1/2),56 (pp)
66,0.9979166666666668 (~1),0.5 (1/2),64 (p)
63,0.9979166666666668 (~1),0.5 (1/2),72 (mp)
67,0.9979166666666668 (~1),0.5 (1/2),80 (mp)
63,0.9979166666666668 (~1),0.5 (1/2),88 (mf)
69,0.9979166666666668 (~1),0.5 (1/2),96 (f)
63,0.9979166666666668 (~1),0.5 (1/2),104 (ff)
70,2.997916666666667 (~9/8),0.5 (1/2),112 (fff)
63,2.9937500000000004 (~9/8),2.5 (~9/8),112 (fff)
69,0.9979166666666668 (~1),0.5 (1/2),112 (fff)
63,0.9979166666666668 (~1),0.5 (1/2),112 (fff)
67,0.9979166666666668 (~1),0.5 (1/2),112 (fff)
63,0.9979166666666668 (~1),0.5 (1/2),112 (fff)
66,0.9979166666666668 (~1),0.5 (1/2),112 (fff)
63,0.9979166666666668 (~1),0.5 (1/2),112 (fff)
64,0.9979166666666668 (~1),0.5 (1/2),112 (fff)
63,0.9979166666666668 (~1),0.5 (1/2),112 (fff)
66,0.9979166666666668 (~1),0.5 (1/2),108 (ff)
63,0.9979166666666668 (~1),0.5 (1/2),104 (ff)
64,1.9979166666666663 (~9/8),0.5 (1/2),100 (f)
63,1.9958333333333336 (~9/8),1.5 (~9/8),96 (f)
50,2.997916666666667 (~9/8),0.5 (1/2),49 (ppp)
63,0.9979166666666668 (~1),0.1 (~3/32),49 (ppp)
74,0.0979166666666666 (~3/32),0.1 (~3/32),49 (ppp)
87,0.0979166666666666 (~3/32),0.1 (~3/32),49 (ppp)
88,0.0979166666666666 (~3/32),0.1 (~3/32),49 (ppp)
97,0.0979166666666666 (~3/32),0.1 (~3/32),49 (ppp)
101,0.0979166666666666 (~3/32),0.1 (~3/32),49 (ppp)
97,0.0979166666666666 (~3/32),0.1 (~3/32),49 (ppp)
88,0.0979166666666666 (~3/32),0.1 (~3/32),49 (ppp)
87,0.0979166666666666 (~3/32),0.1 (~3/32),49 (ppp)
74,0.0979166666666666 (~3/32),0.1 (~3/32),49 (ppp)
63,1.9958333333333336 (~9/8),1.5 (~9/8),49 (ppp)
50,2.997916666666667 (~9/8),0.5 (1/2),49 (ppp)
63,0.9979166666666668 (~1),0.1 (~3/32),49 (ppp)
74,0.0979166666666666 (~3/32),0.1 (~3/32),49 (ppp)
87,0.0979166666666666 (~3/32),0.1 (~3/32),49 (ppp)
88,0.0979166666666666 (~3/32),0.1 (~3/32),49 (ppp)
97,0.0979166666666666 (~3/32),0.1 (~3/32),49 (ppp)
101,0.0979166666666666 (~3/32),0.1 (~3/32),49 (ppp)
97,0.0979166666666666 (~3/32),0.1 (~3/32),49 (ppp)
88,0.0979166666666666 (~3/32),0.1 (~3/32),49 (ppp)
87,0.0979166666666666 (~3/32),0.1 (~3/32),49 (ppp)
74,0.0979166666666666 (~3/32),0.1 (~3/32),49 (ppp)
63,1.9958333333333336 (~9/8),1.5 (~9/8),49 (ppp)
75,0.9979166666666668 (~1),0.5 (1/2),33 (pppp)
63,0.9979166666666668 (~1),0.5 (1/2),33 (pppp)
76,0.9979166666666668 (~1),0.5 (1/2),33 (pppp)
63,0.9979166666666668 (~1),0.5 (1/2),33 (pppp)
75,1.4979166666666666 (~9/8),0.5 (1/2),33 (pppp)
63,1.9958333333333336 (~9/8),1.5 (~9/8),33 (pppp)
74,0.9979166666666668 (~1),0.5 (1/2),33 (pppp)
63,0.9979166666666668 (~1),0.5 (1/2),37 (pppp)
75,0.9979166666666668 (~1),0.5 (1/2),41 (ppp)
63,0.9979166666666668 (~1),0.5 (1/2),45 (ppp)
76,0.9979166666666668 (~1),0.5 (1/2),49 (ppp)
63,0.9979166666666668 (~1),0.5 (1/2),44 (ppp)
75,1.4979166666666666 (~9/8),0.5 (1/2),39 (pppp)
63,1.9958333333333336 (~9/8),1.5 (~9/8),33 (pppp)
74,0.9979166666666668 (~1),0.5 (1/2),33 (pppp)
63,0.9979166666666668 (~1),0.5 (1/2),43 (ppp)
75,0.9979166666666668 (~1),0.5 (1/2),54 (pp)
63,0.9979166666666668 (~1),0.5 (1/2),64 (p)
76,0.9979166666666668 (~1),0.5 (1/2),75 (mp)
63,0.9979166666666668 (~1),0.5 (1/2),85 (mf)
78,2.997916666666667 (~9/8),0.5 (1/2),115 (fff)
63,2.9937500000000004 (~9/8),2.5 (~9/8),49 (ppp)
76,0.9979166666666668 (~1),0.5 (1/2),49 (ppp)
63,0.9979166666666668 (~1),0.5 (1/2),49 (ppp)
75,2.497916666666667 (~9/8),0.5 (1/2),49 (ppp)
63,2.9937500000000004 (~9/8),2.5 (~9/8),80 (mp)
76,0.9979166666666668 (~1),0.5 (1/2),33 (pppp)
63,0.9979166666666668 (~1),0.5 (1/2),40 (pppp)
78,0.9979166666666668 (~1),0.5 (1/2),48 (ppp)
63,0.9979166666666668 (~1),0.5 (1/2),56 (pp)
79,0.9979166666666668 (~1),0.5 (1/2),64 (p)
63,0.9979166666666668 (~1),0.5 (1/2),72 (mp)
81,1.4979166666666666 (~9/8),0.5 (1/2),80 (mp)
63,1.9958333333333336 (~9/8),1.5 (~9/8),80 (mp)
75,0.9979166666666668 (~1),0.5 (1/2),33 (pppp)
63,0.9979166666666668 (~1),0.5 (1/2),43 (ppp)
76,0.9979166666666668 (~1),0.5 (1/2),54 (pp)
63,0.9979166666666668 (~1),0.5 (1/2),64 (p)
78,0.9979166666666668 (~1),0.5 (1/2),75 (mp)
63,0.9979166666666668 (~1),0.5 (1/2),85 (mf)
79,1.4979166666666666 (~9/8),0.5 (1/2),96 (f)
63,1.9958333333333336 (~9/8),1.5 (~9/8),96 (f)
76,0.9979166666666668 (~1),0.5 (1/2),33 (pppp)
63,0.9979166666666668 (~1),0.5 (1/2),40 (pppp)
78,0.9979166666666668 (~1),0.5 (1/2),48 (ppp)
63,0.9979166666666668 (~1),0.5 (1/2),56 (pp)
79,0.9979166666666668 (~1),0.5 (1/2),64 (p)
63,0.9979166666666668 (~1),0.5 (1/2),72 (mp)
81,0.9979166666666668 (~1),0.5 (1/2),80 (mp)
63,0.9979166666666668 (~1),0.5 (1/2),88 (mf)
82,0.9979166666666668 (~1),0.5 (1/2),96 (f)
63,0.9979166666666668 (~1),0.5 (1/2),104 (ff)
84,2.997916666666667 (~9/8),0.5 (1/2),112 (fff)
63,2.9937500000000004 (~9/8),2.5 (~9/8),112 (fff)
82,0.9979166666666668 (~1),0.5 (1/2),112 (fff)
63,0.9979166666666668 (~1),0.5 (1/2),112 (fff)
81,0.9979166666666668 (~1),0.5 (1/2),112 (fff)
63,0.9979166666666668 (~1),0.5 (1/2),112 (fff)
79,0.9979166666666668 (~1),0.5 (1/2),112 (fff)
63,0.9979166666666668 (~1),0.5 (1/2),112 (fff)
78,0.9979166666666668 (~1),0.5 (1/2),112 (fff)
63,0.9979166666666668 (~1),0.5 (1/2),109 (ff)
76,0.9979166666666668 (~1),0.5 (1/2),106 (ff)
63,0.9979166666666668 (~1),0.5 (1/2),103 (ff)
75,1.9979166666666663 (~9/8),0.5 (1/2),100 (f)
63,1.9958333333333336 (~9/8),1.5 (~9/8),96 (f)
86,2.997916666666667 (~9/8),0.5 (1/2),33 (pppp)
63,0.9979166666666668 (~1),0.1 (~3/32),33 (pppp)
50,0.0979166666666666 (~3/32),0.1 (~3/32),33 (pppp)
37,0.0979166666666666 (~3/32),0.1 (~3/32),33 (pppp)
36,0.0979166666666666 (~3/32),0.1 (~3/32),33 (pppp)
27,0.0979166666666666 (~3/32),0.1 (~3/32),33 (pppp)
23,0.0979166666666666 (~3/32),0.1 (~3/32),33 (pppp)
27,0.0979166666666666 (~3/32),0.1 (~3/32),33 (pppp)
36,0.0979166666666666 (~3/32),0.1 (~3/32),33 (pppp)
37,0.0979166666666666 (~3/32),0.1 (~3/32),33 (pppp)
50,0.0979166666666666 (~3/32),0.1 (~3/32),33 (pppp)
63,1.9958333333333336 (~9/8),1.5 (~9/8),33 (pppp)
86,2.997916666666667 (~9/8),0.5 (1/2),33 (pppp)
63,0.9979166666666668 (~1),0.1 (~3/32),33 (pppp)
50,0.0979166666666666 (~3/32),0.1 (~3/32),33 (pppp)
37,0.0979166666666666 (~3/32),0.1 (~3/32),33 (pppp)
36,0.0979166666666666 (~3/32),0.1 (~3/32),33 (pppp)
27,0.0979166666666666 (~3/32),0.1 (~3/32),33 (pppp)
23,0.0979166666666666 (~3/32),0.1 (~3/32),33 (pppp)
27,0.0979166666666666 (~3/32),0.1 (~3/32),33 (pppp)
36,0.0979166666666666 (~3/32),0.1 (~3/32),33 (pppp)
37,0.0979166666666666 (~3/32),0.1 (~3/32),33 (pppp)
50,0.0979166666666666 (~3/32),0.1 (~3/32),33 (pppp)
63,1.9958333333333336 (~9/8),1.5 (~9/8),33 (pppp)
30,0.9979166666666668 (~1),0.5 (1/2),80 (mp)
64,0.4979166666666667 (~1/2),0.5 (1/2),80 (mp)
66,1.4979166666666666 (~9/8),1.0 (1),80 (mp)
58,0.9979166666666668 (~1),0.5 (1/2),80 (mp)
64,0.4979166666666667 (~1/2),0.5 (1/2),80 (mp)
63,0.4979166666666667 (~1/2),0.5 (1/2),80 (mp)
61,0.4979166666666667 (~1/2),0.5 (1/2),80 (mp)
64,0.4979166666666667 (~1/2),0.5 (1/2),80 (mp)
63,1.9979166666666663 (~9/8),1.5 (~9/8),80 (mp)
61,0.9979166666666668 (~1),0.5 (1/2),80 (mp)
64,0.4979166666666667 (~1/2),0.5 (1/2),80 (mp)
66,1.4979166666666666 (~9/8),1.0 (1),80 (mp)
58,0.9979166666666668 (~1),0.5 (1/2),80 (mp)
64,0.4979166666666667 (~1/2),0.5 (1/2),80 (mp)
63,0.4979166666666667 (~1/2),0.5 (1/2),80 (mp)
61,0.4979166666666667 (~1/2),0.5 (1/2),80 (mp)
64,0.4979166666666667 (~1/2),0.5 (1/2),80 (mp)
63,0.9979166666666668 (~1),0.5 (1/2),80 (mp)
61,0.9979166666666668 (~1),0.5 (1/2),80 (mp)
64,0.4979166666666667 (~1/2),0.5 (1/2),80 (mp)
66,1.4979166666666666 (~9/8),1.0 (1),80 (mp)
58,0.9979166666666668 (~1),0.5 (1/2),80 (mp)
64,0.4979166666666667 (~1/2),0.5 (1/2),82 (mf)
63,0.4979166666666667 (~1/2),0.5 (1/2),85 (mf)
61,0.4979166666666667 (~1/2),0.5 (1/2),88 (mf)
64,0.4979166666666667 (~1/2),0.5 (1/2),90 (mf)
63,0.4979166666666667 (~1/2),1.5 (~9/8),93 (f)
49,0.9979166666666668 (~1),0.5 (1/2),96 (f)
54,0.4979166666666667 (~1/2),0.5 (1/2),96 (f)
51,3.997916666666667 (~9/8),1.0 (1),96 (f)
69,0.9979166666666668 (~1),1.0 (1),33 (pppp)
70,0.9979166666666668 (~1),1.0 (1),33 (pppp)
72,0.9979166666666668 (~1),1.0 (1),33 (pppp)
73,0.9979166666666668 (~1),1.0 (1),33 (pppp)
75,0.9979166666666668 (~1),1.0 (1),33 (pppp)
76,0.9979166666666668 (~1),1.0 (1),33 (pppp)
78,0.9979166666666668 (~1),1.0 (1),33 (pppp)
79,0.9979166666666668 (~1),1.0 (1),33 (pppp)
81,0.9979166666666668 (~1),1.0 (1),33 (pppp)
82,0.9979166666666668 (~1),1.0 (1),33 (pppp)
84,0.9979166666666668 (~1),1.0 (1),33 (pppp)
85,0.9979166666666668 (~1),1.0 (1),33 (pppp)
87,0.9979166666666668 (~1),1.0 (1),33 (pppp)
88,1.9979166666666663 (~9/8),1.0 (1),33 (pppp)
85,0.9979166666666668 (~1),0.5 (1/2),33 (pppp)
90,0.4979166666666667 (~1/2),0.5 (1/2),112 (fff)
91,0.9979166666666668 (~1),1.0 (1),127 (ffff)
85,0.9979166666666668 (~1),0.5 (1/2),112 (fff)
102,0.4979166666666667 (~1/2),0.5 (1/2),112 (fff)
88,0.4979166666666667 (~1/2),0.5 (1/2),112 (fff)
99,0.4979166666666667 (~1/2),0.5 (1/2),112 (fff)
85,0.9979166666666668 (~1),0.3333333333333333 (~1/4),112 (fff)
100,0.33125 (~1/4),0.3333333333333333 (~1/4),112 (fff)
102,0.33125 (~1/4),0.3333333333333333 (~1/4),112 (fff)
91,0.9979166666666668 (~1),1.0 (1),127 (ffff)
85,0.9979166666666668 (~1),0.5 (1/2),112 (fff)
102,0.4979166666666667 (~1/2),0.5 (1/2),112 (fff)
88,0.4979166666666667 (~1/2),0.5 (1/2),112 (fff)
99,0.4979166666666667 (~1/2),0.5 (1/2),112 (fff)
88,3.997916666666667 (~9/8),0.5 (1/2),127 (ffff)
75,2.9937500000000004 (~9/8),3.0 (~9/8),96 (f)
63,2.9937500000000004 (~9/8),2.5 (~9/8),80 (mp)
27,0.9979166666666668 (~1),0.5 (1/2),33 (pppp)
63,0.9979166666666668 (~1),0.5 (1/2),33 (pppp)
28,0.9979166666666668 (~1),0.5 (1/2),33 (pppp)
63,0.9979166666666668 (~1),0.5 (1/2),33 (pppp)
27,1.9979166666666663 (~9/8),0.5 (1/2),33 (pppp)
63,0.9979166666666668 (~1),0.5 (1/2),33 (pppp)
88,0.9979166666666668 (~1),0.5 (1/2),33 (pppp)
63,0.9979166666666668 (~1),0.5 (1/2),33 (pppp)
87,1.9979166666666663 (~9/8),0.5 (1/2),33 (pppp)
63,0.9979166666666668 (~1),0.5 (1/2),33 (pppp)
64,0.9979166666666668 (~1),0.5 (1/2),39 (pppp)
63,0.9979166666666668 (~1),0.5 (1/2),64 (p)
65,3.997916666666667 (~9/8),0.5 (1/2),115 (fff)
63,2.9937500000000004 (~9/8),2.5 (~9/8),96 (f)
88,0.9979166666666668 (~1),0.5 (1/2),33 (pppp)
63,0.9979166666666668 (~1),0.5 (1/2),33 (pppp)
87,2.497916666666667 (~9/8),0.5 (1/2),33 (pppp)
63,1.9958333333333336 (~9/8),2.0 (~9/8),33 (pppp)
74,0.9979166666666668 (~1),0.5 (1/2),112 (fff)
86,0.08125 (~3/32),0.08333333333333333 (~3/32),96 (f)
97,0.08125 (~3/32),0.08333333333333333 (~3/32),96 (f)
100,0.08125 (~3/32),0.08333333333333333 (~3/32),96 (f)
101,0.08125 (~3/32),0.08333333333333333 (~3/32),96 (f)
100,0.08125 (~3/32),0.08333333333333333 (~3/32),96 (f)
97,0.08125 (~3/32),0.08333333333333333 (~3/32),96 (f)
86,3.997916666666667 (~9/8),0.5 (1/2),96 (f)
63,3.991666666666667 (~9/8),3.5 (~9/8),96 (f)
74,4.997916666666667 (~9/8),0.5 (1/2),49 (ppp)
63,4.49375 (~9/8),8.5 (~9/8),49 (ppp)
44,0.4979166666666667 (~1/2),0.5 (1/2),49 (ppp)
56,0.4979166666666667 (~1/2),0.5 (1/2),49 (ppp)
48,0.4979166666666667 (~1/2),0.5 (1/2),49 (ppp)
50,0.4979166666666667 (~1/2),0.5 (1/2),49 (ppp)
56,0.4979166666666667 (~1/2),0.5 (1/2),49 (ppp)
33,0.2479166666666666 (~1/4),0.5 (1/2),49 (ppp)
56,0.4979166666666667 (~1/2),0.5 (1/2),49 (ppp)
48,0.4979166666666667 (~1/2),0.5 (1/2),49 (ppp)
44,0.4979166666666667 (~1/2),0.5 (1/2),49 (ppp)
56,0.4979166666666667 (~1/2),0.5 (1/2),49 (ppp)
48,0.4979166666666667 (~1/2),0.5 (1/2),51 (pp)
50,0.4979166666666667 (~1/2),0.5 (1/2),53 (pp)
56,0.4979166666666667 (~1/2),0.5 (1/2),55 (pp)
33,0.2479166666666666 (~1/4),0.5 (1/2),57 (pp)
56,0.4979166666666667 (~1/2),0.5 (1/2),59 (pp)
48,0.4979166666666667 (~1/2),0.5 (1/2),61 (p)
44,0.4979166666666667 (~1/2),0.5 (1/2),63 (p)
56,0.4979166666666667 (~1/2),0.5 (1/2),65 (p)
48,0.4979166666666667 (~1/2),0.5 (1/2),67 (p)
50,0.4979166666666667 (~1/2),0.5 (1/2),69 (p)
56,0.4979166666666667 (~1/2),0.5 (1/2),71 (mp)
33,0.2479166666666666 (~1/4),0.5 (1/2),73 (mp)
56,0.4979166666666667 (~1/2),0.5 (1/2),75 (mp)
48,0.4979166666666667 (~1/2),0.5 (1/2),77 (mp)
44,0.4979166666666667 (~1/2),0.5 (1/2),79 (mp)
56,0.4979166666666667 (~1/2),0.5 (1/2),81 (mf)
48,0.4979166666666667 (~1/2),0.5 (1/2),83 (mf)
50,0.4979166666666667 (~1/2),0.5 (1/2),85 (mf)
56,0.4979166666666667 (~1/2),0.5 (1/2),87 (mf)
33,0.2479166666666666 (~1/4),0.5 (1/2),89 (mf)
56,0.4979166666666667 (~1/2),0.5 (1/2),91 (f)
48,0.4979166666666667 (~1/2),0.5 (1/2),93 (f)
45,0.4979166666666667 (~1/2),0.5 (1/2),96 (f)
58,0.4979166666666667 (~1/2),0.5 (1/2),96 (f)
50,0.4979166666666667 (~1/2),0.5 (1/2),96 (f)
52,0.4979166666666667 (~1/2),0.5 (1/2),115 (fff)
58,0.4979166666666667 (~1/2),0.5 (1/2),96 (f)
59,0.4979166666666667 (~1/2),0.5 (1/2),115 (fff)
58,0.4979166666666667 (~1/2),0.5 (1/2),96 (f)
50,0.4979166666666667 (~1/2),0.5 (1/2),96 (f)
66,0.4979166666666667 (~1/2),0.5 (1/2),115 (fff)
58,0.4979166666666667 (~1/2),0.5 (1/2),96 (f)
50,0.4979166666666667 (~1/2),0.5 (1/2),96 (f)
73,0.4979166666666667 (~1/2),0.5 (1/2),115 (fff)
58,0.4979166666666667 (~1/2),0.5 (1/2),96 (f)
80,0.4979166666666667 (~1/2),0.5 (1/2),115 (fff)
58,0.4979166666666667 (~1/2),0.5 (1/2),96 (f)
50,0.4979166666666667 (~1/2),0.5 (1/2),96 (f)
44,0.4979166666666667 (~1/2),0.5 (1/2),49 (ppp)
56,0.4979166666666667 (~1/2),0.5 (1/2),49 (ppp)
48,0.4979166666666667 (~1/2),0.5 (1/2),49 (ppp)
50,0.4979166666666667 (~1/2),0.5 (1/2),49 (ppp)
56,0.4979166666666667 (~1/2),0.5 (1/2),49 (ppp)
33,0.2479166666666666 (~1/4),0.5 (1/2),49 (ppp)
56,0.4979166666666667 (~1/2),0.5 (1/2),49 (ppp)
48,0.4979166666666667 (~1/2),0.5 (1/2),49 (ppp)
44,0.4979166666666667 (~1/2),0.5 (1/2),49 (ppp)
56,0.4979166666666667 (~1/2),0.5 (1/2),49 (ppp)
48,0.4979166666666667 (~1/2),0.5 (1/2),51 (pp)
50,0.4979166666666667 (~1/2),0.5 (1/2),53 (pp)
56,0.4979166666666667 (~1/2),0.5 (1/2),55 (pp)
33,0.2479166666666666 (~1/4),0.5 (1/2),57 (pp)
56,0.4979166666666667 (~1/2),0.5 (1/2),59 (pp)
48,0.4979166666666667 (~1/2),0.5 (1/2),61 (p)
44,0.4979166666666667 (~1/2),0.5 (1/2),63 (p)
56,0.4979166666666667 (~1/2),0.5 (1/2),65 (p)
48,0.4979166666666667 (~1/2),0.5 (1/2),67 (p)
50,0.4979166666666667 (~1/2),0.5 (1/2),69 (p)
56,0.4979166666666667 (~1/2),0.5 (1/2),71 (mp)
33,0.2479166666666666 (~1/4),0.5 (1/2),73 (mp)
56,0.4979166666666667 (~1/2),0.5 (1/2),75 (mp)
48,0.4979166666666667 (~1/2),0.5 (1/2),77 (mp)
44,0.4979166666666667 (~1/2),0.5 (1/2),79 (mp)
56,0.4979166666666667 (~1/2),0.5 (1/2),81 (mf)
48,0.4979166666666667 (~1/2),0.5 (1/2),83 (mf)
50,0.4979166666666667 (~1/2),0.5 (1/2),85 (mf)
56,0.4979166666666667 (~1/2),0.5 (1/2),87 (mf)
33,0.2479166666666666 (~1/4),0.5 (1/2),89 (mf)
56,0.4979166666666667 (~1/2),0.5 (1/2),91 (f)
48,0.4979166666666667 (~1/2),0.5 (1/2),93 (f)
45,0.4979166666666667 (~1/2),0.5 (1/2),96 (f)
58,0.4979166666666667 (~1/2),0.5 (1/2),96 (f)
50,0.4979166666666667 (~1/2),0.5 (1/2),96 (f)
52,0.4979166666666667 (~1/2),0.5 (1/2),115 (fff)
58,0.4979166666666667 (~1/2),0.5 (1/2),96 (f)
59,0.4979166666666667 (~1/2),0.5 (1/2),115 (fff)
58,0.4979166666666667 (~1/2),0.5 (1/2),96 (f)
50,0.4979166666666667 (~1/2),0.5 (1/2),96 (f)
46,0.4979166666666667 (~1/2),0.5 (1/2),115 (fff)
58,0.4979166666666667 (~1/2),0.5 (1/2),96 (f)
50,0.4979166666666667 (~1/2),0.5 (1/2),96 (f)
53,0.4979166666666667 (~1/2),0.5 (1/2),115 (fff)
58,0.4979166666666667 (~1/2),0.5 (1/2),96 (f)
60,0.4979166666666667 (~1/2),0.5 (1/2),115 (fff)
58,0.4979166666666667 (~1/2),0.5 (1/2),96 (f)
50,0.4979166666666667 (~1/2),0.5 (1/2),96 (f)
44,0.4979166666666667 (~1/2),0.5 (1/2),49 (ppp)
56,0.4979166666666667 (~1/2),0.5 (1/2),49 (ppp)
48,0.4979166666666667 (~1/2),0.5 (1/2),49 (ppp)
50,0.4979166666666667 (~1/2),0.5 (1/2),49 (ppp)
56,0.4979166666666667 (~1/2),0.5 (1/2),49 (ppp)
33,0.2479166666666666 (~1/4),0.5 (1/2),49 (ppp)
56,0.4979166666666667 (~1/2),0.5 (1/2),49 (ppp)
48,0.4979166666666667 (~1/2),0.5 (1/2),49 (ppp)
44,0.4979166666666667 (~1/2),0.5 (1/2),49 (ppp)
56,0.4979166666666667 (~1/2),0.5 (1/2),49 (ppp)
48,0.4979166666666667 (~1/2),0.5 (1/2),49 (ppp)
50,0.4979166666666667 (~1/2),0.5 (1/2),49 (ppp)
56,0.4979166666666667 (~1/2),0.5 (1/2),49 (ppp)
33,0.2479166666666666 (~1/4),0.5 (1/2),49 (ppp)
56,0.4979166666666667 (~1/2),0.5 (1/2),49 (ppp)
48,0.4979166666666667 (~1/2),0.5 (1/2),49 (ppp)
50,0.4979166666666667 (~1/2),0.5 (1/2),49 (ppp)
51,0.4979166666666667 (~1/2),0.5 (1/2),50 (ppp)
49,0.4979166666666667 (~1/2),0.5 (1/2),51 (pp)
50,0.4979166666666667 (~1/2),0.5 (1/2),52 (pp)
51,0.4979166666666667 (~1/2),0.5 (1/2),53 (pp)
50,0.4979166666666667 (~1/2),0.5 (1/2),54 (pp)
51,0.4979166666666667 (~1/2),0.5 (1/2),55 (pp)
49,0.4979166666666667 (~1/2),0.5 (1/2),56 (pp)
50,0.4979166666666667 (~1/2),0.5 (1/2),57 (pp)
51,0.4979166666666667 (~1/2),0.5 (1/2),58 (pp)
49,0.4979166666666667 (~1/2),0.5 (1/2),59 (pp)
50,0.4979166666666667 (~1/2),0.5 (1/2),60 (pp)
51,0.4979166666666667 (~1/2),0.5 (1/2),61 (p)
50,0.4979166666666667 (~1/2),0.5 (1/2),62 (p)
51,0.4979166666666667 (~1/2),0.5 (1/2),63 (p)
49,0.4979166666666667 (~1/2),0.5 (1/2),64 (p)
50,0.2479166666666666 (~1/4),0.5 (1/2),65 (p)
51,0.4979166666666667 (~1/2),0.5 (1/2),65 (p)
49,0.4979166666666667 (~1/2),0.5 (1/2),65 (p)
43,0.2479166666666666 (~1/4),0.5 (1/2),65 (p)
44,0.4979166666666667 (~1/2),0.5 (1/2),65 (p)
36,0.2479166666666666 (~1/4),0.5 (1/2),65 (p)
39,0.4979166666666667 (~1/2),0.5 (1/2),65 (p)
37,0.4979166666666667 (~1/2),0.5 (1/2),65 (p)
29,0.2479166666666666 (~1/4),0.5 (1/2),96 (f)
32,0.4979166666666667 (~1/2),0.5 (1/2),96 (f)
30,0.4979166666666667 (~1/2),0.5 (1/2),96 (f)
27,0.2479166666666666 (~1/4),0.5 (1/2),96 (f)
32,0.4979166666666667 (~1/2),0.5 (1/2),96 (f)
29,0.2479166666666666 (~1/4),0.5 (1/2),96 (f)
32,0.4979166666666667 (~1/2),0.5 (1/2),96 (f)
30,0.4979166666666667 (~1/2),0.5 (1/2),96 (f)
27,0.2479166666666666 (~1/4),0.5 (1/2),96 (f)
32,0.4979166666666667 (~1/2),0.5 (1/2),96 (f)
30,0.4979166666666667 (~1/2),0.5 (1/2),96 (f)
29,0.2479166666666666 (~1/4),0.5 (1/2),96 (f)
32,0.4979166666666667 (~1/2),0.5 (1/2),96 (f)
33,0.2479166666666666 (~1/4),0.5 (1/2),96 (f)
32,0.4979166666666667 (~1/2),0.5 (1/2),96 (f)
30,0.4979166666666667 (~1/2),0.5 (1/2),96 (f)
34,0.4979166666666667 (~1/2),0.5 (1/2),127 (ffff)
56,0.4979166666666667 (~1/2),0.5 (1/2),112 (fff)
48,0.4979166666666667 (~1/2),0.5 (1/2),112 (fff)
34,0.4979166666666667 (~1/2),0.5 (1/2),112 (fff)
56,0.4979166666666667 (~1/2),0.5 (1/2),112 (fff)
41,0.4979166666666667 (~1/2),0.5 (1/2),112 (fff)
56,0.4979166666666667 (~1/2),0.5 (1/2),112 (fff)
48,0.4979166666666667 (~1/2),0.5 (1/2),112 (fff)
50,0.4979166666666667 (~1/2),0.5 (1/2),127 (ffff)
56,0.4979166666666667 (~1/2),0.5 (1/2),112 (fff)
48,0.4979166666666667 (~1/2),0.5 (1/2),112 (fff)
34,0.4979166666666667 (~1/2),0.5 (1/2),112 (fff)
56,0.4979166666666667 (~1/2),0.5 (1/2),112 (fff)
41,0.4979166666666667 (~1/2),0.5 (1/2),112 (fff)
56,0.4979166666666667 (~1/2),0.5 (1/2),112 (fff)
48,0.4979166666666667 (~1/2),0.5 (1/2),112 (fff)
50,0.4979166666666667 (~1/2),0.5 (1/2),127 (ffff)
56,0.4979166666666667 (~1/2),0.5 (1/2),112 (fff)
48,0.4979166666666667 (~1/2),0.5 (1/2),112 (fff)
34,0.4979166666666667 (~1/2),0.5 (1/2),112 (fff)
56,0.4979166666666667 (~1/2),0.5 (1/2),112 (fff)
41,0.4979166666666667 (~1/2),0.5 (1/2),112 (fff)
56,0.4979166666666667 (~1/2),0.5 (1/2),112 (fff)
48,0.4979166666666667 (~1/2),0.5 (1/2),112 (fff)
50,0.4979166666666667 (~1/2),0.5 (1/2),127 (ffff)
56,0.4979166666666667 (~1/2),0.5 (1/2),112 (fff)
48,0.4979166666666667 (~1/2),0.5 (1/2),112 (fff)
34,0.4979166666666667 (~1/2),0.5 (1/2),112 (fff)
56,0.4979166666666667 (~1/2),0.5 (1/2),112 (fff)
41,0.4979166666666667 (~1/2),0.5 (1/2),112 (fff)
56,0.4979166666666667 (~1/2),0.5 (1/2),112 (fff)
48,0.4979166666666667 (~1/2),0.5 (1/2),112 (fff)
50,0.4979166666666667 (~1/2),0.5 (1/2),58 (pp)
56,0.4979166666666667 (~1/2),0.5 (1/2),49 (ppp)
48,0.4979166666666667 (~1/2),0.5 (1/2),49 (ppp)
34,0.4979166666666667 (~1/2),0.5 (1/2),49 (ppp)
56,0.4979166666666667 (~1/2),0.5 (1/2),49 (ppp)
41,0.4979166666666667 (~1/2),0.5 (1/2),49 (ppp)
56,0.4979166666666667 (~1/2),0.5 (1/2),49 (ppp)
48,0.4979166666666667 (~1/2),0.5 (1/2),49 (ppp)
50,0.4979166666666667 (~1/2),0.5 (1/2),58 (pp)
56,0.4979166666666667 (~1/2),0.5 (1/2),49 (ppp)
48,0.4979166666666667 (~1/2),0.5 (1/2),49 (ppp)
34,0.4979166666666667 (~1/2),0.5 (1/2),49 (ppp)
56,0.4979166666666667 (~1/2),0.5 (1/2),49 (ppp)
41,0.4979166666666667 (~1/2),0.5 (1/2),49 (ppp)
56,0.4979166666666667 (~1/2),0.5 (1/2),49 (ppp)
48,0.9958333333333333 (~1),1.0 (1),49 (ppp)
58,0.4979166666666667 (~1/2),0.5 (1/2),80 (mp)
50,0.4979166666666667 (~1/2),0.5 (1/2),80 (mp)
55,0.4979166666666667 (~1/2),0.5 (1/2),80 (mp)
58,0.4979166666666667 (~1/2),0.5 (1/2),80 (mp)
62,0.4979166666666667 (~1/2),0.5 (1/2),80 (mp)
58,0.4979166666666667 (~1/2),0.5 (1/2),80 (mp)
50,0.4979166666666667 (~1/2),0.5 (1/2),80 (mp)
48,0.4979166666666667 (~1/2),0.5 (1/2),80 (mp)
58,0.4979166666666667 (~1/2),0.5 (1/2),80 (mp)
50,0.4979166666666667 (~1/2),0.5 (1/2),80 (mp)
55,0.4979166666666667 (~1/2),0.5 (1/2),80 (mp)
58,0.4979166666666667 (~1/2),0.5 (1/2),80 (mp)
62,0.4979166666666667 (~1/2),0.5 (1/2),80 (mp)
58,0.4979166666666667 (~1/2),0.5 (1/2),80 (mp)
50,0.4979166666666667 (~1/2),0.5 (1/2),80 (mp)
48,0.4979166666666667 (~1/2),0.5 (1/2),80 (mp)
59,0.4979166666666667 (~1/2),0.5 (1/2),80 (mp)
50,0.4979166666666667 (~1/2),0.5 (1/2),80 (mp)
55,0.4979166666666667 (~1/2),0.5 (1/2),80 (mp)
59,0.4979166666666667 (~1/2),0.5 (1/2),80 (mp)
62,0.4979166666666667 (~1/2),0.5 (1/2),80 (mp)
59,0.4979166666666667 (~1/2),0.5 (1/2),80 (mp)
50,0.4979166666666667 (~1/2),0.5 (1/2),80 (mp)
71,0.4979166666666667 (~1/2),0.5 (1/2),80 (mp)
59,0.4979166666666667 (~1/2),0.5 (1/2),80 (mp)
50,0.4979166666666667 (~1/2),0.5 (1/2),80 (mp)
73,0.4979166666666667 (~1/2),0.5 (1/2),80 (mp)
59,0.4979166666666667 (~1/2),0.5 (1/2),80 (mp)
71,0.4979166666666667 (~1/2),0.5 (1/2),80 (mp)
59,0.4979166666666667 (~1/2),0.5 (1/2),80 (mp)
50,0.4979166666666667 (~1/2),0.5 (1/2),80 (mp)
74,0.4979166666666667 (~1/2),0.5 (1/2),80 (mp)
59,0.4979166666666667 (~1/2),0.5 (1/2),80 (mp)
50,0.4979166666666667 (~1/2),0.5 (1/2),80 (mp)
73,0.4979166666666667 (~1/2),0.5 (1/2),80 (mp)
59,0.4979166666666667 (~1/2),0.5 (1/2),80 (mp)
71,0.4979166666666667 (~1/2),0.5 (1/2),80 (mp)
59,0.4979166666666667 (~1/2),0.5 (1/2),80 (mp)
50,0.4979166666666667 (~1/2),0.5 (1/2),80 (mp)
74,0.4979166666666667 (~1/2),0.5 (1/2),80 (mp)
61,0.4979166666666667 (~1/2),0.5 (1/2),80 (mp)
52,0.4979166666666667 (~1/2),0.5 (1/2),80 (mp)
73,0.4979166666666667 (~1/2),0.5 (1/2),80 (mp)
61,0.4979166666666667 (~1/2),0.5 (1/2),80 (mp)
71,0.4979166666666667 (~1/2),0.5 (1/2),80 (mp)
61,0.4979166666666667 (~1/2),0.5 (1/2),80 (mp)
52,0.4979166666666667 (~1/2),0.5 (1/2),80 (mp)
74,0.4979166666666667 (~1/2),0.5 (1/2),80 (mp)
62,0.4979166666666667 (~1/2),0.5 (1/2),80 (mp)
54,0.4979166666666667 (~1/2),0.5 (1/2),80 (mp)
73,0.4979166666666667 (~1/2),0.5 (1/2),80 (mp)
62,0.4979166666666667 (~1/2),0.5 (1/2),80 (mp)
71,0.4979166666666667 (~1/2),0.5 (1/2),80 (mp)
62,0.4979166666666667 (~1/2),0.5 (1/2),80 (mp)
54,0.4979166666666667 (~1/2),0.5 (1/2),80 (mp)
64,0.4979166666666667 (~1/2),0.5 (1/2),80 (mp)
75,0.4979166666666667 (~1/2),0.5 (1/2),80 (mp)
67,0.4979166666666667 (~1/2),0.5 (1/2),80 (mp)
66,0.4979166666666667 (~1/2),0.5 (1/2),80 (mp)
75,0.4979166666666667 (~1/2),0.5 (1/2),80 (mp)
64,0.4979166666666667 (~1/2),0.5 (1/2),80 (mp)
75,0.4979166666666667 (~1/2),0.5 (1/2),80 (mp)
67,0.9958333333333333 (~1),1.0 (1),80 (mp)
76,0.4979166666666667 (~1/2),0.5 (1/2),80 (mp)
67,0.4979166666666667 (~1/2),0.5 (1/2),80 (mp)
66,0.4979166666666667 (~1/2),0.5 (1/2),80 (mp)
76,0.4979166666666667 (~1/2),0.5 (1/2),80 (mp)
64,0.4979166666666667 (~1/2),0.5 (1/2),80 (mp)
76,0.4979166666666667 (~1/2),0.5 (1/2),80 (mp)
67,0.9958333333333333 (~1),1.0 (1),80 (mp)
82,0.4979166666666667 (~1/2),0.5 (1/2),80 (mp)
74,0.4979166666666667 (~1/2),0.5 (1/2),80 (mp)
66,0.4979166666666667 (~1/2),0.5 (1/2),80 (mp)
85,0.4979166666666667 (~1/2),0.5 (1/2),80 (mp)
64,0.4979166666666667 (~1/2),0.5 (1/2),80 (mp)
82,0.4979166666666667 (~1/2),0.5 (1/2),80 (mp)
74,0.4979166666666667 (~1/2),0.5 (1/2),80 (mp)
67,0.4979166666666667 (~1/2),0.5 (1/2),80 (mp)
85,0.4979166666666667 (~1/2),0.5 (1/2),80 (mp)
77,0.4979166666666667 (~1/2),0.5 (1/2),80 (mp)
66,0.4979166666666667 (~1/2),0.5 (1/2),80 (mp)
82,0.4979166666666667 (~1/2),0.5 (1/2),80 (mp)
64,0.4979166666666667 (~1/2),0.5 (1/2),80 (mp)
80,0.4979166666666667 (~1/2),0.5 (1/2),80 (mp)
72,0.4979166666666667 (~1/2),0.5 (1/2),80 (mp)
67,0.4979166666666667 (~1/2),0.5 (1/2),80 (mp)
79,0.4979166666666667 (~1/2),0.5 (1/2),80 (mp)
71,0.4979166666666667 (~1/2),0.5 (1/2),80 (mp)
66,0.4979166666666667 (~1/2),0.5 (1/2),80 (mp)
77,0.4979166666666667 (~1/2),0.5 (1/2),80 (mp)
64,0.4979166666666667 (~1/2),0.5 (1/2),80 (mp)
76,0.4979166666666667 (~1/2),0.5 (1/2),80 (mp)
68,0.4979166666666667 (~1/2),0.5 (1/2),80 (mp)
67,0.4979166666666667 (~1/2),0.5 (1/2),80 (mp)
75,0.4979166666666667 (~1/2),0.5 (1/2),80 (mp)
67,0.9958333333333333 (~1),1.0 (1),81 (mf)
75,0.4979166666666667 (~1/2),0.5 (1/2),82 (mf)
67,0.4979166666666667 (~1/2),0.5 (1/2),83 (mf)
75,0.4979166666666667 (~1/2),0.5 (1/2),84 (mf)
67,0.9958333333333333 (~1),1.0 (1),84 (mf)
75,0.4979166666666667 (~1/2),0.5 (1/2),86 (mf)
67,0.9958333333333333 (~1),1.0 (1),86 (mf)
75,0.4979166666666667 (~1/2),0.5 (1/2),88 (mf)
67,0.4979166666666667 (~1/2),0.5 (1/2),88 (mf)
75,0.4979166666666667 (~1/2),0.5 (1/2),89 (mf)
67,0.9958333333333333 (~1),1.0 (1),90 (mf)
75,0.4979166666666667 (~1/2),0.5 (1/2),91 (f)
67,0.9958333333333333 (~1),1.0 (1),92 (f)
75,0.4979166666666667 (~1/2),0.5 (1/2),93 (f)
67,0.4979166666666667 (~1/2),0.5 (1/2),94 (f)
75,0.4979166666666667 (~1/2),0.5 (1/2),94 (f)
67,0.4979166666666667 (~1/2),0.5 (1/2),95 (f)
44,0.4979166666666667 (~1/2),0.5 (1/2),96 (f)
56,0.4979166666666667 (~1/2),0.5 (1/2),96 (f)
48,0.4979166666666667 (~1/2),0.5 (1/2),96 (f)
50,0.4979166666666667 (~1/2),0.5 (1/2),96 (f)
56,0.4979166666666667 (~1/2),0.5 (1/2),96 (f)
33,0.2479166666666666 (~1/4),0.5 (1/2),96 (f)
56,0.4979166666666667 (~1/2),0.5 (1/2),96 (f)
48,0.4979166666666667 (~1/2),0.5 (1/2),96 (f)
44,0.4979166666666667 (~1/2),0.5 (1/2),96 (f)
56,0.4979166666666667 (~1/2),0.5 (1/2),96 (f)
48,0.4979166666666667 (~1/2),0.5 (1/2),96 (f)
50,0.4979166666666667 (~1/2),0.5 (1/2),96 (f)
56,0.4979166666666667 (~1/2),0.5 (1/2),96 (f)
33,0.2479166666666666 (~1/4),0.5 (1/2),96 (f)
56,0.4979166666666667 (~1/2),0.5 (1/2),96 (f)
48,0.4979166666666667 (~1/2),0.5 (1/2),96 (f)
45,0.4979166666666667 (~1/2),0.5 (1/2),96 (f)
58,0.4979166666666667 (~1/2),0.5 (1/2),96 (f)
50,0.4979166666666667 (~1/2),0.5 (1/2),96 (f)
52,0.4979166666666667 (~1/2),0.5 (1/2),115 (fff)
58,0.4979166666666667 (~1/2),0.5 (1/2),96 (f)
59,0.4979166666666667 (~1/2),0.5 (1/2),115 (fff)
58,0.4979166666666667 (~1/2),0.5 (1/2),96 (f)
50,0.4979166666666667 (~1/2),0.5 (1/2),96 (f)
66,0.4979166666666667 (~1/2),0.5 (1/2),115 (fff)
58,0.4979166666666667 (~1/2),0.5 (1/2),96 (f)
50,0.4979166666666667 (~1/2),0.5 (1/2),96 (f)
73,0.4979166666666667 (~1/2),0.5 (1/2),115 (fff)
58,0.4979166666666667 (~1/2),0.5 (1/2),96 (f)
80,0.4979166666666667 (~1/2),0.5 (1/2),115 (fff)
58,0.4979166666666667 (~1/2),0.5 (1/2),96 (f)
50,0.4979166666666667 (~1/2),0.5 (1/2),96 (f)
44,0.4979166666666667 (~1/2),0.5 (1/2),96 (f)
56,0.4979166666666667 (~1/2),0.5 (1/2),96 (f)
48,0.4979166666666667 (~1/2),0.5 (1/2),96 (f)
50,0.4979166666666667 (~1/2),0.5 (1/2),96 (f)
56,0.4979166666666667 (~1/2),0.5 (1/2),96 (f)
33,0.2479166666666666 (~1/4),0.5 (1/2),96 (f)
56,0.4979166666666667 (~1/2),0.5 (1/2),96 (f)
48,0.4979166666666667 (~1/2),0.5 (1/2),96 (f)
44,0.4979166666666667 (~1/2),0.5 (1/2),96 (f)
56,0.4979166666666667 (~1/2),0.5 (1/2),96 (f)
48,0.4979166666666667 (~1/2),0.5 (1/2),96 (f)
50,0.4979166666666667 (~1/2),0.5 (1/2),96 (f)
56,0.4979166666666667 (~1/2),0.5 (1/2),96 (f)
33,0.2479166666666666 (~1/4),0.5 (1/2),96 (f)
56,0.4979166666666667 (~1/2),0.5 (1/2),96 (f)
48,0.4979166666666667 (~1/2),0.5 (1/2),96 (f)
44,0.4979166666666667 (~1/2),0.5 (1/2),96 (f)
58,0.4979166666666667 (~1/2),0.5 (1/2),96 (f)
50,0.4979166666666667 (~1/2),0.5 (1/2),96 (f)
52,0.4979166666666667 (~1/2),0.5 (1/2),96 (f)
58,0.4979166666666667 (~1/2),0.5 (1/2),96 (f)
32,0.2479166666666666 (~1/4),0.5 (1/2),96 (f)
58,0.4979166666666667 (~1/2),0.5 (1/2),96 (f)
50,0.4979166666666667 (~1/2),0.5 (1/2),96 (f)
44,0.4979166666666667 (~1/2),0.5 (1/2),96 (f)
58,0.4979166666666667 (~1/2),0.5 (1/2),96 (f)
50,0.4979166666666667 (~1/2),0.5 (1/2),96 (f)
52,0.4979166666666667 (~1/2),0.5 (1/2),96 (f)
58,0.4979166666666667 (~1/2),0.5 (1/2),96 (f)
32,0.2479166666666666 (~1/4),0.5 (1/2),96 (f)
58,0.4979166666666667 (~1/2),0.5 (1/2),96 (f)
50,0.4979166666666667 (~1/2),0.5 (1/2),96 (f)
44,0.4979166666666667 (~1/2),0.5 (1/2),96 (f)
61,0.4979166666666667 (~1/2),0.5 (1/2),96 (f)
53,0.4979166666666667 (~1/2),0.5 (1/2),96 (f)
52,0.4979166666666667 (~1/2),0.5 (1/2),96 (f)
61,0.4979166666666667 (~1/2),0.5 (1/2),96 (f)
30,0.4979166666666667 (~1/2),0.5 (1/2),96 (f)
61,0.4979166666666667 (~1/2),0.5 (1/2),96 (f)
53,0.4979166666666667 (~1/2),0.5 (1/2),96 (f)
44,0.4979166666666667 (~1/2),0.5 (1/2),96 (f)
61,0.4979166666666667 (~1/2),0.5 (1/2),96 (f)
53,0.4979166666666667 (~1/2),0.5 (1/2),96 (f)
52,0.4979166666666667 (~1/2),0.5 (1/2),96 (f)
61,0.4979166666666667 (~1/2),0.5 (1/2),96 (f)
30,0.4979166666666667 (~1/2),0.5 (1/2),96 (f)
61,0.4979166666666667 (~1/2),0.5 (1/2),96 (f)
53,0.4979166666666667 (~1/2),0.5 (1/2),96 (f)
45,0.4979166666666667 (~1/2),0.5 (1/2),96 (f)
61,0.4979166666666667 (~1/2),0.5 (1/2),96 (f)
53,0.4979166666666667 (~1/2),0.5 (1/2),97 (f)
52,0.4979166666666667 (~1/2),0.5 (1/2),98 (f)
61,0.4979166666666667 (~1/2),0.5 (1/2),98 (f)
45,0.4979166666666667 (~1/2),0.5 (1/2),99 (f)
61,0.4979166666666667 (~1/2),0.5 (1/2),100 (f)
53,0.4979166666666667 (~1/2),0.5 (1/2),100 (f)
52,0.4979166666666667 (~1/2),0.5 (1/2),101 (ff)
61,0.4979166666666667 (~1/2),0.5 (1/2),102 (ff)
53,0.4979166666666667 (~1/2),0.5 (1/2),102 (ff)
45,0.4979166666666667 (~1/2),0.5 (1/2),103 (ff)
61,0.4979166666666667 (~1/2),0.5 (1/2),104 (ff)
52,0.4979166666666667 (~1/2),0.5 (1/2),104 (ff)
61,0.4979166666666667 (~1/2),0.5 (1/2),105 (ff)
53,0.4979166666666667 (~1/2),0.5 (1/2),106 (ff)
45,0.4979166666666667 (~1/2),0.5 (1/2),106 (ff)
61,0.4979166666666667 (~1/2),0.5 (1/2),107 (ff)
53,0.4979166666666667 (~1/2),0.5 (1/2),108 (ff)
52,0.4979166666666667 (~1/2),0.5 (1/2),108 (ff)
61,0.4979166666666667 (~1/2),0.5 (1/2),109 (ff)
45,0.4979166666666667 (~1/2),0.5 (1/2),110 (ff)
61,0.4979166666666667 (~1/2),0.5 (1/2),110 (ff)
53,0.4979166666666667 (~1/2),0.5 (1/2),111 (fff)
52,0.4979166666666667 (~1/2),0.5 (1/2),127 (ffff)
61,0.4979166666666667 (~1/2),0.5 (1/2),112 (fff)
53,0.4979166666666667 (~1/2),0.5 (1/2),112 (fff)
45,0.4979166666666667 (~1/2),0.5 (1/2),127 (ffff)
61,0.4979166666666667 (~1/2),0.5 (1/2),112 (fff)
33,0.4979166666666667 (~1/2),0.5 (1/2),127 (ffff)
61,0.4979166666666667 (~1/2),0.5 (1/2),112 (fff)
53,0.4979166666666667 (~1/2),0.5 (1/2),112 (fff)
32,0.4979166666666667 (~1/2),0.4979166666666667 (~1/2),127 (ffff)
